region_id,intervention,area_ha,hotspot_score_mean,mean_excess_heat_c,mean_night_cooling_c,cooling_deficit_c,cooling_leverage_factor,feasible_fraction,proxy_mean_cooling_c,proxy_max_cooling_c,proxy_hotspot_freq_reduction_pct,priority_score,intervention_code
198,urban_greening,314.01,2.83217453956604,6.364302158355713,8.504806518554688,0.00021219458722043782,1.0002121945872204,1.0,2.0755727291107178,2.947221279144287,32.612730782835186,1846.263118628695,2
396,urban_greening,374.21999999999997,2.422938346862793,5.949203014373779,9.166698455810547,0.0,1.0,1.0,1.963505744934082,2.3252649307250977,33.00451741502325,1780.3341977586426,2
28,urban_greening,180.63,2.565683126449585,5.572341442108154,6.537154197692871,0.5460033416748047,1.5460033416748047,1.0,2.0025956630706787,2.615187168121338,35.93813630905301,1434.817283779306,2
20,urban_greening,159.75,2.507168769836426,5.443105220794678,6.3080949783325195,0.6416048407554626,1.6416048407554626,1.0,1.9865719079971313,2.342080593109131,36.49703298785574,1306.1629186675946,2
432,urban_greening,167.85,3.0017101764678955,6.17754602432251,7.884054183959961,0.08248727768659592,1.082487277686596,1.0,2.1219987869262695,2.740555763244629,34.350189841912005,1157.3321968559078,2
31,urban_greening,80.00999999999999,1.36317777633667,3.439361333847046,1.6853450536727905,5.264197826385498,6.264197826385498,1.0,1.6732972860336304,1.871558666229248,48.65139552412159,1143.2345444796667,2
105,urban_greening,84.50999999999999,3.4268219470977783,5.886173725128174,6.484411239624023,0.5545251965522766,1.5545251965522766,1.0,2.238412857055664,2.630337715148926,38.02831791219213,1007.7147113616884,2
236,urban_greening,84.96,2.5627832412719727,5.661942958831787,5.664806365966797,1.2870529890060425,2.2870529890060425,1.0,2.0018012523651123,2.306302547454834,35.355376536293086,996.8356530311411,2
166,urban_greening,181.89,2.5813934803009033,5.277288436889648,8.475383758544922,0.0,1.0,1.0,2.0068976879119873,2.528754234313965,38.02895581532439,942.297989324874,2
370,urban_greening,101.07,3.7217092514038086,7.124109745025635,7.356940269470215,0.05171409994363785,1.0517140999436378,1.0,2.3191657066345215,2.8846700191497803,32.55376165778278,917.4748848449864,2
405,urban_greening,125.91,3.1542606353759766,7.664806842803955,8.250673294067383,0.0022491321433335543,1.0022491321433336,1.0,2.163773536682129,2.5574355125427246,28.22998127752653,861.2818470941368,2
329,urban_greening,72.45,3.3806512355804443,6.804744720458984,6.627647399902344,0.5039011240005493,1.5039011240005493,1.0,2.224696159362793,2.950000047683716,32.693308136513544,819.4618653044528,2
226,urban_greening,86.67,2.4676191806793213,5.739223480224609,6.088035583496094,0.9046643376350403,1.9046643376350403,1.0,1.9757413864135742,2.4708497524261475,34.425238766556134,804.8139238930245,2
285,urban_greening,76.32,4.018851280212402,7.658563613891602,7.467705726623535,0.0005781318759545684,1.0005781318759546,1.0,2.397078514099121,2.950000047683716,31.29932236576509,735.6539360994033,2
146,urban_greening,158.13,2.381742238998413,5.4665985107421875,8.099642753601074,0.0,1.0,1.0,1.952224612236023,2.4866299629211426,35.71187107302259,735.2563998544905,2
184,urban_greening,130.59,2.7276134490966797,5.915049076080322,8.15213394165039,0.0,1.0,1.0,2.046938896179199,2.503509283065796,34.60561137956995,729.117670407666,2
315,urban_greening,63.72,4.347110271453857,7.341765880584717,7.419647216796875,0.008302003145217896,1.008302003145218,1.0,2.490013837814331,2.950000047683716,33.91573469264618,695.4546489702317,2
266,urban_greening,70.64999999999999,4.028669834136963,6.879852771759033,7.69495153427124,0.006893571466207504,1.0068935714662075,1.0,2.4032249450683594,2.9029877185821533,34.93134264345464,688.7344937106488,2
33,urban_greening,52.11,1.3316688537597656,3.3768229484558105,2.0798251628875732,4.869718074798584,5.869718074798584,1.0,1.6646687984466553,1.843124270439148,49.29689308134715,678.0510568403265,2
397,urban_greening,86.39999999999999,3.1525628566741943,6.418039321899414,7.367729663848877,0.14381356537342072,1.1438135653734207,1.0,2.163308620452881,2.6878697872161865,33.70669003337691,673.9865356637848,2
358,urban_greening,80.46,3.6163597106933594,7.791780471801758,7.732020378112793,0.0015133365523070097,1.001513336552307,1.0,2.290316343307495,2.776313304901123,29.394005023576934,667.4271351147389,2
248,urban_greening,94.05,2.986891746520996,6.56116247177124,6.974574089050293,0.0849388912320137,1.0849388912320137,1.0,2.117940664291382,2.597426176071167,32.279960653369194,645.5016384584837,2
355,urban_greening,69.21,3.8006749153137207,8.605916976928711,7.592765808105469,0.0005225124768912792,1.0005225124768913,1.0,2.340790033340454,2.8715522289276123,27.19977475515733,616.0541654526286,2
400,urban_greening,127.89,2.4438953399658203,6.373117446899414,8.595735549926758,0.0,1.0,1.0,1.9692448377609253,2.2088632583618164,30.89923972323753,615.4870310176781,2
177,urban_greening,48.33,1.7108322381973267,4.480990886688232,3.982255458831787,2.967287540435791,3.967287540435791,1.0,1.7685000896453857,1.9282722473144531,39.4667191780975,580.1268748354502,2
86,urban_greening,99.27,2.7544169425964355,6.229842662811279,7.644106388092041,0.02539564110338688,1.0253956411033869,1.0,2.05427885055542,2.6595959663391113,32.97481111069354,575.9682779745508,2
319,urban_greening,59.489999999999995,2.881978988647461,6.498176097869873,6.477341175079346,0.5262355804443359,1.526235580444336,1.0,2.0892112255096436,2.7248382568359375,32.150732667809585,546.6869458779366,2
310,urban_greening,75.24,3.1297805309295654,6.942826747894287,7.092858791351318,0.06638743728399277,1.0663874372839928,1.0,2.1570699214935303,2.688375234603882,31.069044350671074,541.6788948236809,2
303,urban_greening,150.12,1.9408735036849976,5.28594446182251,8.254156112670898,0.0,1.0,1.0,1.8314955234527588,2.5477046966552734,34.648406480254394,533.6317341741022,2
134,urban_greening,76.95,3.025132417678833,7.374685764312744,7.724152565002441,0.0,1.0,1.0,2.1284127235412598,2.6205334663391113,28.861063258328663,495.46029875381737,2
348,urban_greening,65.97,3.179722785949707,9.635491371154785,7.156861305236816,0.02931249514222145,1.0293124951422215,1.0,2.170746326446533,2.3115944862365723,22.52865207211924,468.6968801846725,2
422,urban_greening,111.50999999999999,1.9766452312469482,5.0926923751831055,8.283280372619629,0.08437094837427139,1.0843709483742714,1.0,1.8412913084030151,2.1072545051574707,36.15555727213569,440.0914403647163,2
374,urban_greening,42.57,3.8321967124938965,6.990134239196777,7.188507556915283,0.11760801076889038,1.1176080107688904,1.0,2.349421977996826,2.800654888153076,33.610541623400835,428.35316219305514,2
138,urban_greening,55.89,2.9933464527130127,6.521875381469727,6.785735130310059,0.17708979547023773,1.1770897954702377,1.0,2.119708299636841,2.5977859497070312,32.50151491179148,417.4233988616611,2
41,urban_greening,65.25,2.076631546020508,4.598598957061768,6.307901859283447,0.6459504961967468,1.6459504961967468,1.0,1.8686718940734863,2.333627700805664,40.635678638683835,416.76360485467757,2
191,urban_greening,41.76,2.1785964965820312,5.560596466064453,5.742735862731934,1.206807255744934,2.206807255744934,1.0,1.8965942859649658,2.2608842849731445,34.107749007496174,380.78175562960377,2
85,urban_greening,59.58,2.526118040084839,5.893676280975342,7.749038219451904,0.2566060423851013,1.2566060423851013,1.0,1.9917608499526978,2.4755542278289795,33.79488039378848,376.6955367605103,2
307,urban_greening,81.63,2.3557777404785156,5.272439479827881,8.46242904663086,0.0,1.0,1.0,1.9451143741607666,2.510866403579712,36.89211382326317,374.04965077351096,2
308,urban_greening,104.94,1.907633662223816,5.2577924728393555,8.32102108001709,0.0,1.0,1.0,1.8223929405212402,1.9750666618347168,34.66080013494897,364.8195150222748,2
350,urban_greening,46.26,3.4791030883789062,6.982964038848877,7.596192359924316,0.000856652797665447,1.0008566527976654,1.0,2.252729654312134,2.6224794387817383,32.26036453545149,362.87235410090926,2
104,urban_greening,57.15,2.9480104446411133,5.718647003173828,7.081496715545654,0.017886776477098465,1.0178867764770985,1.0,2.1072933673858643,2.487865924835205,36.84950944194185,361.3846695704968,2
111,urban_greening,36.18,1.393571376800537,3.6242189407348633,3.7729618549346924,3.1765811443328857,4.176581144332886,1.0,1.681620478630066,1.8625924587249756,46.399527901840635,354.1169305139991,2
174,urban_greening,40.5,1.8414610624313354,4.6846418380737305,5.364181995391846,1.585361361503601,2.585361361503601,1.0,1.8042720556259155,1.9969265460968018,38.51462113841794,347.88911479054735,2
98,urban_greening,29.7,1.333969235420227,3.4860053062438965,2.934107542037964,4.015435695648193,5.015435695648193,1.0,1.665298581123352,1.8108974695205688,47.77097092022729,330.90478077718336,2
224,urban_greening,58.949999999999996,2.7349960803985596,6.264050483703613,7.593619346618652,0.0015836001839488745,1.0015836001839489,1.0,2.0489609241485596,2.542229652404785,32.70984053335907,330.87305286423737,2
73,urban_greening,54.18,2.9040989875793457,6.4120774269104,7.420414924621582,0.0,1.0,1.0,2.095268487930298,2.5042121410369873,32.67690560218146,329.67809918029633,2
80,urban_greening,40.86,1.4881142377853394,4.118302822113037,4.8397908210754395,2.1097517013549805,3.1097517013549805,1.0,1.707510232925415,1.8445818424224854,41.46150263057436,322.86700368872073,2
52,urban_greening,56.25,2.74951171875,6.081127166748047,7.742906093597412,0.0,1.0,1.0,2.052935838699341,2.4853601455688477,33.75913350283007,317.5071269819455,2
136,urban_greening,45.269999999999996,3.130424976348877,6.446038722991943,7.84014368057251,0.0,1.0,1.0,2.1572463512420654,2.6765713691711426,33.46623320067142,305.7127400346316,2
322,urban_greening,52.65,2.7277231216430664,8.031517028808594,7.152894496917725,0.016832776367664337,1.0168327763676643,1.0,2.046969413757324,2.2871828079223633,25.486709502264162,298.923150372836,2
225,urban_greening,30.689999999999998,2.893051862716675,6.221767902374268,6.4369378089904785,0.5367121696472168,1.5367121696472168,1.0,2.092243194580078,2.68904185295105,33.62779241221236,285.4682430226693,2
341,urban_greening,45.9,2.880661725997925,8.65693187713623,7.07411003112793,0.03160228207707405,1.031602282077074,1.0,2.088850498199463,2.4032840728759766,24.129224162157417,284.9210920115117,2
318,urban_greening,73.71,1.9188321828842163,5.290689945220947,8.272940635681152,0.0,1.0,1.0,1.825459599494934,2.1050686836242676,34.50324283591523,258.18774879473096,2
366,urban_greening,31.41,3.492095947265625,7.499885082244873,7.397842884063721,0.020459651947021484,1.0204596519470215,1.0,2.2562875747680664,2.664149284362793,30.084295292864837,252.54826753658793,2
122,urban_greening,32.22,3.461087942123413,6.517543315887451,7.863875389099121,0.0,1.0,1.0,2.2477962970733643,2.7861361503601074,34.48839828335374,250.66582167004196,2
331,urban_greening,21.419999999999998,4.030928134918213,7.230515003204346,6.888214588165283,0.2003067582845688,1.2003067582845688,1.0,2.403843402862549,2.936347723007202,33.24581169940507,249.1282318450078,2
78,urban_greening,46.26,2.4098830223083496,6.156147480010986,6.864739894866943,0.12883944809436798,1.128839448094368,1.0,1.959930658340454,2.2017405033111572,31.83696727059171,246.6462260572822,2
375,urban_greening,58.949999999999996,2.1975314617156982,5.429256439208984,8.131892204284668,0.0,1.0,1.0,1.9017797708511353,2.0787343978881836,35.02836515727769,246.3650708583056,2
239,urban_greening,42.57,2.712461471557617,5.859120845794678,8.340384483337402,0.0030226062517613173,1.0030226062517613,1.0,2.0427896976470947,2.409471273422241,34.86512313725848,236.59284601427987,2
69,urban_greening,38.61,2.906662940979004,6.097134590148926,7.223795413970947,0.0,1.0,1.0,2.095970630645752,2.467982292175293,34.376322183082344,235.22293688024098,2
332,urban_greening,38.97,2.8608038425445557,7.044526100158691,7.4612579345703125,0.0,1.0,1.0,2.0834124088287354,2.4828386306762695,29.574912197171113,232.27032773976447,2
131,urban_greening,16.56,1.8802765607833862,4.3682966232299805,3.8420357704162598,3.1075072288513184,4.107507228851318,1.0,1.8149014711380005,2.0722239017486572,41.54712071260483,232.12047669810167,2
55,urban_greening,42.12,2.636669158935547,6.631969451904297,7.646412372589111,0.0,1.0,1.0,2.0220344066619873,2.299156427383423,30.489199646138033,224.56007414179462,2
403,urban_greening,40.23,2.719496965408325,5.817976474761963,8.112606048583984,0.0,1.0,1.0,2.0447163581848145,2.4097023010253906,35.14480278589425,223.7029352323516,2
154,urban_greening,57.419999999999995,1.9862399101257324,4.5950493812561035,8.41356372833252,0.0,1.0,1.0,1.843918800354004,2.116863250732422,40.12837833420519,210.29874674793783,2
156,urban_greening,56.61,1.9986679553985596,5.003615379333496,8.351134300231934,0.0,1.0,1.0,1.8473221063613892,2.0230352878570557,36.919746349637705,209.01450778124035,2
118,urban_greening,20.07,2.105778932571411,4.540173530578613,5.357171058654785,1.6288444995880127,2.6288444995880127,1.0,1.8766536712646484,2.176589012145996,41.3344040403998,208.5014978887478,2
135,urban_greening,48.96,2.201035499572754,5.127095699310303,7.93170690536499,0.01499848160892725,1.0149984816089272,1.0,1.90273916721344,2.2371716499328613,37.111442399434765,208.119659619591,2
160,urban_greening,54.809999999999995,2.0261731147766113,4.649372577667236,8.591059684753418,0.0,1.0,1.0,1.8548542261123657,2.175724506378174,39.89472117209878,205.98999846751795,2
293,urban_greening,31.68,3.0116477012634277,6.460866928100586,7.558080673217773,0.0,1.0,1.0,2.1247198581695557,2.425358295440674,32.88598700165763,202.7173951973839,2
383,urban_greening,26.459999999999997,3.099586009979248,7.033109188079834,6.931985855102539,0.12794071435928345,1.1279407143592834,1.0,2.148801326751709,2.6823337078094482,30.552651313783606,198.7815481602693,2
330,urban_greening,27.54,2.7621257305145264,7.766966819763184,6.764514446258545,0.2462538629770279,1.246253862977028,1.0,2.0563900470733643,2.7303366661071777,26.476101865670955,194.94827207843596,2
58,urban_greening,45.809999999999995,1.440118432044983,3.9158453941345215,6.20866060256958,0.7408825755119324,1.7408825755119324,1.0,1.6943669319152832,1.8717387914657593,43.26950533984939,194.5966887799552,2
321,urban_greening,24.93,3.35793399810791,6.4138665199279785,7.0042219161987305,0.033948421478271484,1.0339484214782715,1.0,2.219547986984253,2.7089686393737793,34.605459594272574,192.11348380232815,2
214,urban_greening,36.629999999999995,2.5843777656555176,5.582828521728516,8.532792091369629,0.0,1.0,1.0,2.0077149868011475,2.2925426959991455,35.962325888876364,190.06186018198807,2
232,urban_greening,27.99,2.8639254570007324,6.980029106140137,7.4041876792907715,0.13427995145320892,1.134279951453209,1.0,2.0842671394348145,2.424116611480713,29.860436220836714,189.51266800082774,2
7,urban_greening,19.8,1.1905709505081177,3.1948835849761963,3.0988857746124268,3.8506569862365723,4.850656986236572,1.0,1.6260299682617188,1.8006476163864136,50.89481118836552,185.9300483024713,2
123,urban_greening,14.219999999999999,1.831015706062317,4.379034042358398,4.015267372131348,2.9342758655548096,3.9342758655548096,1.0,1.801411747932434,2.029898166656494,41.13719442478358,184.5310553004248,2
181,urban_greening,38.339999999999996,2.307140350341797,5.6089935302734375,8.591228485107422,0.0,1.0,1.0,1.931795358657837,2.212254762649536,34.441033818836694,170.8784286083662,2
36,urban_greening,29.16,2.185239553451538,5.272182464599609,6.692728519439697,0.4086611270904541,1.408661127090454,1.0,1.8984135389328003,2.4556899070739746,36.008115266871236,170.40562442187033,2
16,urban_greening,20.79,2.0381858348846436,4.6236419677734375,5.80800199508667,1.141541838645935,2.141541838645935,1.0,1.8581438064575195,2.0719876289367676,40.18788261307196,168.61808546994206,2
29,urban_greening,12.33,1.2325365543365479,3.364992618560791,1.2694967985153198,5.680046081542969,6.680046081542969,1.0,1.6375219821929932,1.7215354442596436,48.66346431670219,166.23768489930458,2
431,urban_greening,47.79,1.9016708135604858,4.849932670593262,8.024085998535156,0.00031432369723916054,1.0003143236972392,1.0,1.8207601308822632,1.979432225227356,37.54196716837187,165.52423686857003,2
249,urban_greening,24.39,2.5957906246185303,6.6098127365112305,6.724172115325928,0.29042738676071167,1.2904273867607117,1.0,2.0108401775360107,2.2404916286468506,30.422044582723924,164.28298503281812,2
420,urban_greening,24.39,3.0316061973571777,7.293087959289551,8.19405746459961,0.02796287275850773,1.0279628727585077,1.0,2.107943534851074,2.950000047683716,28.90330607031946,160.22157228360496,2
309,urban_greening,19.8,3.293337821960449,7.284359455108643,7.030303478240967,0.09979349374771118,1.0997934937477112,1.0,2.2018587589263916,2.689983606338501,30.227211774704383,157.90725184451637,2
411,urban_greening,20.52,3.3837249279022217,6.977357864379883,7.545379161834717,0.018926963210105896,1.018926963210106,1.0,2.2266108989715576,2.5848748683929443,31.911949225632117,157.52873759821534,2
27,urban_greening,17.28,1.1194357872009277,3.250635862350464,2.900629758834839,4.048913478851318,5.048913478851318,1.0,1.6065500974655151,1.714648723602295,49.422641153778876,156.9044013168565,2
125,urban_greening,18.45,2.288189172744751,5.7890400886535645,6.052183151245117,0.897360622882843,1.897360622882843,1.0,1.9266057014465332,2.232254981994629,33.28022732512516,154.32312927336562,2
217,urban_greening,17.099999999999998,2.1394495964050293,5.358088970184326,5.815623760223389,1.133919596672058,2.133919596672058,1.0,1.8858742713928223,2.238837718963623,35.19677037628484,147.2275065860582,2
75,urban_greening,19.71,1.6445823907852173,4.402709484100342,5.359400749206543,1.5901424884796143,2.5901424884796143,1.0,1.750357985496521,2.0171914100646973,39.75638165129109,146.9578522941893,2
10,urban_greening,20.7,1.9252729415893555,4.69503116607666,5.945098400115967,1.0044448375701904,2.0044448375701904,1.0,1.8272234201431274,2.0201945304870605,38.918238356871704,145.9648934723406,2
267,urban_greening,30.24,2.4418187141418457,7.280558109283447,7.420426368713379,0.0,1.0,1.0,1.968676209449768,2.088798999786377,27.040182632970225,145.36822840808512,2
395,urban_greening,15.479999999999999,2.984882116317749,7.502371788024902,6.486729621887207,0.46382588148117065,1.4638258814811707,1.0,2.1173903942108154,2.5141468048095703,28.22294674319581,143.21499769900228,2
407,urban_greening,22.23,2.955043077468872,6.584691047668457,8.16240406036377,0.0,1.0,1.0,2.1092190742492676,2.47035551071167,32.03216459177855,138.5558825745351,2
401,urban_greening,22.41,2.9296512603759766,6.743564128875732,8.008590698242188,0.0,1.0,1.0,2.1022658348083496,2.3858728408813477,31.174402654621648,138.02107791557856,2
144,urban_greening,28.259999999999998,2.4281015396118164,5.99295711517334,7.243302345275879,0.017551466822624207,1.0175514668226242,1.0,1.9649198055267334,2.3541057109832764,32.787149445001496,137.1956105355059,2
44,urban_greening,14.04,1.9552295207977295,5.171152591705322,5.2337965965271,1.7157459259033203,2.7157459259033203,1.0,1.835426926612854,2.0360474586486816,35.49357506016998,136.83307567910356,2
149,urban_greening,19.529999999999998,3.1903879642486572,6.128041744232178,7.346996784210205,0.0,1.0,1.0,2.1736669540405273,2.634885787963867,35.47082485341131,135.43744255154442,2
159,urban_greening,16.74,2.445244312286377,5.342143535614014,6.390955924987793,0.641402006149292,1.641402006149292,1.0,1.9696141481399536,2.3975653648376465,36.869360304703434,132.33472711655492,2
188,urban_greening,29.52,2.3129234313964844,6.4519476890563965,8.540606498718262,0.0,1.0,1.0,1.933379054069519,2.0557126998901367,29.965820357608596,132.00628777421113,2
227,urban_greening,26.009999999999998,2.5402610301971436,7.444981575012207,9.267434120178223,0.0,1.0,1.0,1.9956337213516235,2.08811616897583,26.805086100543527,131.85588920104666,2
25,urban_greening,21.24,2.22863507270813,4.785109996795654,6.5309529304504395,0.41858965158462524,1.4185896515846252,1.0,1.910297155380249,2.265152931213379,39.921697863988044,128.27770743225562,2
406,urban_greening,19.08,2.941969633102417,7.332141399383545,7.079923629760742,0.04680505022406578,1.0468050502240658,1.0,2.1056392192840576,2.463776111602783,28.717929791439794,123.72752521722809,2
128,urban_greening,8.82,1.8091974258422852,4.226500511169434,3.648129463195801,3.3014132976531982,4.301413297653198,1.0,1.7954366207122803,2.0353665351867676,42.48045436094126,123.23549070186566,2
413,urban_greening,19.62,2.9695942401885986,6.88521671295166,8.20532512664795,0.0,1.0,1.0,2.113203763961792,2.4277164936065674,30.691899065234672,123.12251858030989,2
172,urban_greening,24.029999999999998,2.547499179840088,6.820298671722412,8.182854652404785,0.0,1.0,1.0,1.997615933418274,2.158052444458008,29.28927352845373,122.2868665970056,2
165,urban_greening,30.959999999999997,2.0904018878936768,5.081847667694092,8.76500415802002,0.0,1.0,1.0,1.8724429607391357,2.120873212814331,36.845712094883865,121.18234097116766,2
163,urban_greening,22.59,2.6168384552001953,6.7921013832092285,8.285430908203125,0.0,1.0,1.0,2.01660418510437,2.19647479057312,29.690431154187753,119.21030752546719,2
288,urban_greening,18.45,3.0311837196350098,8.052566528320312,7.915988445281982,0.0,1.0,1.0,2.1300697326660156,2.3761825561523438,26.45206003793585,119.12487322910647,2
255,urban_greening,13.049999999999999,2.4537696838378906,5.873263835906982,6.089636325836182,0.8774874210357666,1.8774874210357666,1.0,1.9719486236572266,2.225985527038574,33.57500495042391,118.55419881773918,2
65,urban_greening,19.98,2.833677053451538,6.004975318908691,7.464880466461182,0.0,1.0,1.0,2.075983762741089,2.4191768169403076,34.5710623689685,117.53569768531177,2
252,urban_greening,20.61,2.716184616088867,6.513521194458008,8.304549217224121,0.0,1.0,1.0,2.043809413909912,2.259340763092041,31.377949850671794,114.41360561544477,2
101,urban_greening,21.33,2.6060543060302734,5.8639326095581055,7.196763515472412,0.007249955087900162,1.0072499550879002,1.0,2.013651132583618,2.3645410537719727,34.33960222021315,112.74461406828623,2
434,urban_greening,16.83,2.365230083465576,5.865966796875,6.740485191345215,0.4405183792114258,1.4405183792114258,1.0,1.9477026462554932,2.2070400714874268,33.20343796172015,111.68605942528038,2
402,urban_greening,25.02,2.3048555850982666,6.610533714294434,8.97001838684082,0.0,1.0,1.0,1.9311695098876953,2.1458277702331543,29.213518807290676,111.36569210251615,2
415,urban_greening,14.94,3.3187270164489746,7.093335151672363,8.209587097167969,0.0,1.0,1.0,2.2088119983673096,2.4637789726257324,31.139258911889254,109.51683415537927,2
2,urban_greening,11.43,1.1407392024993896,3.149397373199463,2.8271286487579346,4.122415065765381,5.122415065765381,1.0,1.6123839616775513,1.7475883960723877,51.1965868581244,107.69011304243777,2
32,urban_greening,17.189999999999998,1.8412129878997803,4.877785682678223,6.079219341278076,0.8703235983848572,1.8703235983848572,1.0,1.8042042255401611,1.9450392723083496,36.988181583032066,106.80273040902718,2
345,urban_greening,10.799999999999999,3.169262170791626,10.217751502990723,6.5338592529296875,0.41616344451904297,1.416163444519043,1.0,2.167881727218628,2.230194568634033,21.216817874109502,105.08261864420805,2
63,urban_greening,20.88,2.4094293117523193,5.903111457824707,7.441333293914795,0.04482286795973778,1.0448228679597378,1.0,1.9598063230514526,2.3933370113372803,33.19954801892967,103.01500968063259,2
428,urban_greening,17.73,2.7893736362457275,8.21960163116455,8.801247596740723,0.0,1.0,1.0,2.0638515949249268,2.1500935554504395,25.108900498289973,102.06900773256922,2
47,urban_greening,13.68,1.9132875204086304,5.1227827072143555,5.811951637268066,1.1375917196273804,2.1375917196273804,1.0,1.8239412307739258,1.9706906080245972,35.60450120605917,102.04739797410667,2
289,urban_greening,18.63,2.679763078689575,8.119012832641602,7.6445159912109375,3.2503248803550377e-06,1.0000032503248804,1.0,2.0338356494903564,2.1780571937561035,25.050282484017554,101.53751283754052,2
424,urban_greening,21.599999999999998,2.3755602836608887,6.33373498916626,9.1898775100708,0.0,1.0,1.0,1.9505316019058228,2.1662518978118896,30.795914341887876,100.08587675907914,2
317,urban_greening,17.46,2.6799819469451904,7.439354419708252,7.918908596038818,0.05043236166238785,1.0504323616623878,1.0,2.033895492553711,2.2277655601501465,27.339677313471427,99.97072340468793,2
197,urban_greening,18.81,2.6163134574890137,5.642568588256836,7.314663410186768,0.0,1.0,1.0,2.0164601802825928,2.562248945236206,35.736564806304635,99.23576475494616,2
335,urban_greening,29.97,1.8275293111801147,5.060025691986084,8.312262535095215,0.0,1.0,1.0,1.8004570007324219,2.0579023361206055,35.58197349835459,98.6129266324674,2
100,urban_greening,19.71,2.5051381587982178,6.18502950668335,7.370161056518555,0.0017040091333910823,1.001704009133391,1.0,1.9860155582427979,2.201183795928955,32.11004177258607,98.22914522738527,2
237,urban_greening,13.77,3.241403102874756,6.618948459625244,8.71723747253418,0.0,1.0,1.0,2.1876373291015625,2.6128134727478027,33.05113104363746,97.64326865310395,2
94,urban_greening,17.46,2.7196478843688965,5.385781288146973,7.578503131866455,0.0,1.0,1.0,2.044757604598999,2.4219460487365723,37.96584924640556,97.09542130667461,2
384,urban_greening,21.419999999999998,2.321296453475952,6.237513542175293,8.423830032348633,0.0,1.0,1.0,1.9356718063354492,2.153520345687866,31.03274715553397,96.24580268357597,2
338,urban_greening,14.399999999999999,2.8162598609924316,6.990434169769287,6.873998165130615,0.12500612437725067,1.1250061243772507,1.0,2.071214199066162,2.388118267059326,29.62926405949576,94.49636850515056,2
49,urban_greening,16.919999999999998,2.6925466060638428,6.499599456787109,7.263779640197754,0.013290912844240665,1.0132909128442407,1.0,2.0373361110687256,2.341294288635254,31.345564055355254,94.05035062642493,2
385,urban_greening,13.77,3.1085116863250732,6.512908935546875,7.643591403961182,0.0,1.0,1.0,2.1512458324432373,2.4911959171295166,33.03049150130028,92.08236959793997,2
26,urban_greening,11.61,2.070006847381592,4.667042255401611,5.906159400939941,1.043383240699768,2.043383240699768,1.0,1.8668577671051025,2.11391544342041,40.00087560690951,91.67798512169847,2
201,urban_greening,17.55,2.5936903953552246,6.397993564605713,8.031438827514648,0.0,1.0,1.0,2.0102651119232178,2.377530336380005,31.42024279368127,91.5057932416222,2
244,urban_greening,12.78,2.777329683303833,6.433314800262451,6.711912155151367,0.24257968366146088,1.2425796836614609,1.0,2.060553550720215,2.37886905670166,32.029422073922966,90.87960774308215,2
260,urban_greening,19.169999999999998,2.387519598007202,6.0497026443481445,7.13291072845459,0.008377392776310444,1.0083773927763104,1.0,1.953806757926941,2.3042826652526855,32.29591391160786,90.17242846801858,2
121,urban_greening,15.66,2.592594623565674,6.284932613372803,6.959133148193359,0.07907425612211227,1.0790742561221123,1.0,2.009965181350708,2.194148063659668,31.980695816435528,88.05747730763431,2
179,urban_greening,17.099999999999998,2.546795606613159,7.157379627227783,7.713615417480469,0.0,1.0,1.0,1.9974234104156494,2.108384609222412,27.90718830697677,86.98819874189772,2
150,urban_greening,14.76,2.821406841278076,7.172860622406006,7.910148620605469,0.0,1.0,1.0,2.0726237297058105,2.247713327407837,28.895357637809315,86.3122700109159,2
109,urban_greening,15.84,2.632744789123535,6.296786308288574,7.305758476257324,0.0,1.0,1.0,2.0209598541259766,2.2386105060577393,32.09509986809859,84.27943695565192,2
175,urban_greening,21.06,2.1198720932006836,4.822174549102783,8.909088134765625,0.0,1.0,1.0,1.8805129528045654,2.1773605346679688,38.99719791674598,83.95457233638223,2
43,urban_greening,19.439999999999998,2.2462124824523926,6.572445869445801,7.616837024688721,0.0,1.0,1.0,1.9151105880737305,2.0106735229492188,29.138476392430384,83.62592879156264,2
274,urban_greening,11.879999999999999,3.1439027786254883,7.039298057556152,7.941273212432861,0.01387118175625801,1.013871181756258,1.0,2.1609373092651367,2.7138683795928955,30.69819308113448,81.82961254501848,2
30,urban_greening,8.01,1.3320672512054443,3.8441803455352783,3.3819923400878906,3.5675504207611084,4.567550420761108,1.0,1.6647777557373047,1.8074359893798828,43.30644262491006,81.13313955912137,2
126,urban_greening,8.459999999999999,2.4193038940429688,6.188061714172363,5.984931945800781,0.9646100997924805,1.9646100997924805,1.0,1.962510585784912,2.279839515686035,31.714463695315498,78.91311153090257,2
216,urban_greening,8.549999999999999,1.395632266998291,4.220499038696289,4.149007797241211,2.8005359172821045,3.8005359172821045,1.0,1.6821848154067993,1.7446563243865967,39.8574860456887,76.28790105905242,2
142,urban_greening,7.56,2.3212409019470215,5.371096134185791,5.7591094970703125,1.190433144569397,2.190433144569397,1.0,1.9356567859649658,2.256834030151367,36.038393981536764,74.4046994688233,2
219,urban_greening,13.139999999999999,1.3627948760986328,4.113414764404297,5.471412181854248,1.4781312942504883,2.4781312942504883,1.0,1.6731925010681152,1.8166556358337402,40.67648406251652,74.24993517126161,2
304,urban_greening,11.61,2.9575135707855225,9.060850143432617,7.444558143615723,0.024186979979276657,1.0241869799792767,1.0,2.109895706176758,2.1899304389953613,23.285847053833336,74.19919690029029,2
291,urban_greening,13.68,2.6601321697235107,7.2615156173706055,7.588017463684082,0.0,1.0,1.0,2.0284595489501953,2.192913293838501,27.934382515102275,73.81687645566711,2
57,urban_greening,13.32,2.0157294273376465,5.489245414733887,6.488781929016113,0.47133833169937134,1.4713383316993713,1.0,1.851994276046753,1.9766008853912354,33.738594945595736,73.16251909004642,2
93,urban_greening,8.37,1.346618890762329,3.8817460536956787,4.153857231140137,2.7956857681274414,3.7956857681274414,1.0,1.6687626838684082,1.7534412145614624,42.990001426796994,71.39289478398875,2
9,urban_greening,12.87,1.615665078163147,4.394469738006592,6.009332180023193,0.9402112364768982,1.9402112364768982,1.0,1.7424392700195312,1.9182579517364502,39.65072861805466,70.29696103609807,2
346,urban_greening,10.26,3.153388500213623,10.031811714172363,7.415332794189453,0.0038301777094602585,1.0038301777094603,1.0,2.1635348796844482,2.2909350395202637,21.566741295871125,70.2666079557345,2
421,urban_greening,8.549999999999999,1.5392804145812988,4.490792274475098,4.949326515197754,2.086312770843506,3.086312770843506,1.0,1.7215218544006348,1.7606947422027588,38.334479735023,69.92562141642482,2
269,urban_greening,11.61,2.8708741664886475,7.825094223022461,7.30535364151001,0.0005295443115755916,1.0005295443115756,1.0,2.086169958114624,2.23064923286438,26.659997933019596,69.57063725113848,2
62,urban_greening,10.799999999999999,1.389054536819458,3.8838860988616943,5.2326507568359375,1.7168922424316406,2.7168922424316406,1.0,1.680383563041687,1.7843701839447021,43.26552118853797,68.4894835286243,2
389,urban_greening,16.56,1.9661664962768555,5.4847025871276855,7.0842604637146,0.13754849135875702,1.137548491358757,1.0,1.8384218215942383,2.0801620483398438,33.51907951962463,68.09194018811114,2
79,urban_greening,12.42,2.66916823387146,5.634768009185791,7.629122734069824,0.0,1.0,1.0,2.0309340953826904,2.3592517375946045,36.04290526374581,67.32763727422578,2
212,urban_greening,11.52,2.7362427711486816,5.810964584350586,7.8335723876953125,0.03117942437529564,1.0311794243752956,1.0,2.049302101135254,2.3248982429504395,35.266126154927804,66.61121117293368,2
23,urban_greening,11.61,1.991127610206604,4.71815299987793,6.403438091278076,0.5461049675941467,1.5461049675941467,1.0,1.84525728225708,2.0794148445129395,39.10973811796314,65.95188575852872,2
257,urban_greening,11.79,2.517731189727783,6.661075115203857,6.933643341064453,0.10589636117219925,1.1058963611721992,1.0,1.9894641637802124,2.184342384338379,29.867012897651826,65.30910237583907,2
143,urban_greening,5.31,1.7051472663879395,4.224338054656982,3.9435102939605713,3.0060324668884277,4.006032466888428,1.0,1.7669434547424316,1.9247581958770752,41.827700148062796,64.0904809255485,2
325,urban_greening,12.69,2.5137152671813965,7.114687442779541,8.073125839233398,0.0,1.0,1.0,1.988364338874817,2.107901096343994,27.947318204297808,63.42692698297463,2
37,urban_greening,8.549999999999999,2.048335075378418,4.707461833953857,6.056059837341309,0.89348304271698,1.89348304271698,1.0,1.860923171043396,2.1671977043151855,39.531349093921015,61.71020372627764,2
342,urban_greening,7.109999999999999,3.2607340812683105,10.021918296813965,6.964470386505127,0.2117624431848526,1.2117624431848526,1.0,2.1929304599761963,2.361623764038086,21.881344419594235,61.60661280737353,2
124,urban_greening,8.64,2.7527427673339844,6.6410956382751465,6.695659637451172,0.2538837790489197,1.2538837790489197,1.0,2.0538206100463867,2.284191608428955,30.925930327059913,61.249022856467256,2
246,urban_greening,11.879999999999999,2.531578302383423,6.541732311248779,7.044750690460205,0.016861893236637115,1.0168618932366371,1.0,1.9932560920715332,2.1918721199035645,30.469851061377838,60.958304367737355,2
399,urban_greening,9.45,3.0152597427368164,8.009981155395508,8.070713996887207,0.0,1.0,1.0,2.125709056854248,2.3332488536834717,26.53825290740384,60.57038871988959,2
378,urban_greening,17.55,1.694604754447937,4.857865810394287,6.988229751586914,0.14773985743522644,1.1477398574352264,1.0,1.7640564441680908,1.8392893075942993,36.31340413713305,60.214555116438476,2
21,urban_greening,7.56,1.0101840496063232,3.0344080924987793,2.982379198074341,3.967163562774658,4.967163562774658,1.0,1.5766321420669556,1.6113576889038086,51.95847407487725,59.80825612024564,2
91,urban_greening,10.35,2.791659355163574,6.089296340942383,7.678589344024658,0.0,1.0,1.0,2.0644779205322266,2.3690848350524902,33.90339055518403,59.65035268895817,2
382,urban_greening,9.18,3.043961763381958,7.087778091430664,7.95623779296875,0.0,1.0,1.0,2.1335690021514893,2.4093966484069824,30.102085232197634,59.61953260195069,2
391,urban_greening,10.44,2.757439613342285,7.0756635665893555,7.685048580169678,0.0,1.0,1.0,2.0551066398620605,2.241333484649658,29.044719559110874,59.161730865679324,2
202,urban_greening,10.53,2.6965696811676025,6.102465629577637,8.121111869812012,0.0,1.0,1.0,2.038437843322754,2.3087708950042725,33.403512072936294,57.881195385670004,2
162,urban_greening,14.49,2.1185462474823,5.237277984619141,8.457876205444336,0.0,1.0,1.0,1.8801500797271729,2.161536931991577,35.89937531001419,57.716349144627365,2
258,urban_greening,11.52,2.4267020225524902,6.299823760986328,7.195967674255371,0.006574995815753937,1.006574995815754,1.0,1.964536428451538,2.220515727996826,31.183990266800123,55.28090643380273,2
408,urban_greening,8.01,3.164254903793335,7.160253047943115,7.548631191253662,0.0,1.0,1.0,2.166510581970215,2.476696252822876,30.257458325339158,54.91168778228642,2
141,urban_greening,11.7,2.3755807876586914,6.375984191894531,7.274125576019287,0.0012063796166330576,1.001206379616633,1.0,1.9505372047424316,2.115861177444458,30.591939158538878,54.2792093292168,2
120,urban_greening,15.84,1.817976713180542,4.770789623260498,7.180171489715576,0.03723795711994171,1.0372379571199417,1.0,1.79784095287323,1.9451351165771484,37.68434776724723,53.69986121892564,2
189,urban_greening,11.879999999999999,2.328827381134033,6.228418350219727,7.429460048675537,0.0,1.0,1.0,1.9377342462539673,2.086132764816284,31.11117682365713,53.61026501204379,2
427,urban_greening,9.9,2.276014804840088,6.351687908172607,6.714305877685547,0.23617032170295715,1.2361703217029572,1.0,1.9232714176177979,2.0588464736938477,30.279690145719496,53.570927732204844,2
410,urban_greening,11.34,2.3867297172546387,6.252718448638916,8.75758171081543,0.0,1.0,1.0,1.9535903930664062,2.100003480911255,31.24385671789942,52.8749300750238,2
34,urban_greening,7.02,1.215211033821106,3.8005876541137695,4.163973331451416,2.785569906234741,3.785569906234741,1.0,1.632777452468872,1.6967909336090088,42.961183929057604,52.72870207362523,2
369,urban_greening,15.479999999999999,1.864698052406311,5.251739978790283,9.005667686462402,0.0,1.0,1.0,1.8106352090835571,1.8890879154205322,34.47686321859045,52.26493743498431,2
45,urban_greening,16.47,1.7264405488967896,4.250468730926514,7.042620658874512,0.022004546597599983,1.0220045465976,1.0,1.7727744579315186,1.9761327505111694,41.70774025539274,51.51711575377904,2
334,urban_greening,16.47,1.7501393556594849,5.043393135070801,7.385698318481445,0.0017255095299333334,1.0017255095299333,1.0,1.779264211654663,1.9331669807434082,35.279109996046046,51.3754225661832,2
1,urban_greening,4.41,1.1323856115341187,3.1927573680877686,1.6276355981826782,5.3219075202941895,6.3219075202941895,1.0,1.6100963354110718,1.7002792358398438,50.429649039551144,50.83150074343383,2
356,urban_greening,8.19,2.8630220890045166,7.930197715759277,7.119701385498047,0.016746677458286285,1.0167466774582863,1.0,2.084019660949707,2.24605131149292,26.27954227179281,49.68475747222889,2
251,urban_greening,9.27,2.6462392807006836,6.662830352783203,7.174643516540527,0.0,1.0,1.0,2.024655342102051,2.243567705154419,30.387316424112615,49.66608753931909,2
50,urban_greening,12.24,1.9595332145690918,5.396588325500488,7.003301620483398,0.09826979786157608,1.098269797861576,1.0,1.836605429649353,2.1440625190734863,34.03271324163907,48.37922998749875,2
46,urban_greening,8.82,2.6894795894622803,6.153550148010254,7.897950649261475,0.0,1.0,1.0,2.03649640083313,2.3420701026916504,33.094658397992085,48.30815874575714,2
223,urban_greening,8.19,1.3745898008346558,4.068989276885986,5.419666767120361,1.5298765897750854,2.5298765897750854,1.0,1.6764224767684937,1.749334692955017,41.19997283579637,47.74631185729059,2
393,urban_greening,8.01,2.7702019214630127,8.17812728881836,6.929243087768555,0.04472389072179794,1.044723890721798,1.0,2.0586016178131104,2.129991054534912,25.172041778167937,47.72190570370745,2
337,urban_greening,7.38,2.786675214767456,8.343353271484375,6.931977272033691,0.11934114992618561,1.1193411499261856,1.0,2.06311297416687,2.1499485969543457,24.72762337917665,47.49284615449939,2
213,urban_greening,11.43,2.181486129760742,5.94947624206543,7.425975799560547,0.0,1.0,1.0,1.897385835647583,2.1150689125061035,31.891644885178724,47.310151695772646,2
40,urban_greening,15.12,1.5755178928375244,4.184284210205078,6.824215888977051,0.13557441532611847,1.1355744153261185,1.0,1.731445074081421,1.8938610553741455,41.37971961509183,46.838119392290814,2
87,urban_greening,11.07,2.2130823135375977,5.6143293380737305,7.514845848083496,0.0,1.0,1.0,1.9060380458831787,2.1600375175476074,33.94952328423858,46.69568530719127,2
324,urban_greening,15.84,1.6586147546768188,5.056722640991211,7.56103515625,0.012947231531143188,1.0129472315311432,1.0,1.7542006969451904,1.854872703552246,34.69046695828535,46.68386481066731,2
283,urban_greening,9.9,2.4048311710357666,7.0051164627075195,7.42617130279541,0.0,1.0,1.0,1.9585474729537964,2.0969350337982178,27.958813866697742,46.62876252783494,2
388,urban_greening,11.52,2.1438398361206055,6.234046459197998,8.136815071105957,0.0,1.0,1.0,1.8870763778686523,1.9680629968643188,30.270489484151554,46.60519118603901,2
295,urban_greening,9.18,2.5291147232055664,6.905564308166504,7.34621000289917,0.0,1.0,1.0,1.9925813674926758,2.135023355484009,28.85472176598593,46.26230590066522,2
15,urban_greening,6.84,1.8904454708099365,4.865744113922119,5.983043670654297,0.9664998054504395,1.9664998054504395,1.0,1.8176862001419067,2.0330841541290283,37.356798006312104,46.220333458190105,2
425,urban_greening,7.83,2.8384408950805664,7.688753604888916,8.738950729370117,0.0,1.0,1.0,2.0772883892059326,2.1946115493774414,27.017231868180595,46.16771826486956,2
12,urban_greening,8.459999999999999,1.7270731925964355,4.519707679748535,6.22884464263916,0.775661051273346,1.775661051273346,1.0,1.7729477882385254,1.937140703201294,39.22704550523426,45.99780640414272,2
67,urban_greening,8.1,2.669874429702759,6.272639274597168,7.057721138000488,0.03643064945936203,1.036430649459362,1.0,2.031127691268921,2.284379005432129,32.380750786906376,45.52535379078808,2
200,urban_greening,11.34,2.114560127258301,5.7285637855529785,8.337488174438477,0.0,1.0,1.0,1.8790583610534668,2.1082491874694824,32.801561288229266,45.05815059943042,2
155,urban_greening,9.09,2.4909393787384033,6.483931541442871,7.4951887130737305,0.0,1.0,1.0,1.9821275472640991,2.157493829727173,30.56984076088835,44.8805984109654,2
39,urban_greening,7.92,1.9756240844726562,5.212583541870117,6.408413887023926,0.541129469871521,1.541129469871521,1.0,1.8410117626190186,1.956350564956665,35.318604446932646,44.3940924423614,2
108,urban_greening,8.73,2.5214176177978516,5.435290813446045,7.222531795501709,0.0014196769334375858,1.0014196769334376,1.0,1.990473747253418,2.292832374572754,36.62129250433671,43.87646205601929,2
59,urban_greening,8.64,2.535038709640503,6.103107452392578,7.775390148162842,0.0,1.0,1.0,1.9942036867141724,2.2788827419281006,32.675218358352716,43.6785137918919,2
64,urban_greening,6.93,1.9634654521942139,5.161355018615723,6.449396133422852,0.7205501198768616,1.7205501198768616,1.0,1.8376821279525757,1.9705352783203125,35.604644929955676,43.02235887293966,2
272,urban_greening,8.549999999999999,2.43465256690979,7.049152374267578,7.181943416595459,0.02722320519387722,1.0272232051938772,1.0,1.966713309288025,2.0794126987457275,27.899997118339645,42.05416243543829,2
3,urban_greening,3.5999999999999996,1.1041685342788696,3.0975074768066406,1.3596709966659546,5.589871883392334,6.589871883392334,1.0,1.6023693084716797,1.6971617937088013,51.73092625182729,41.97371959468394,2
435,urban_greening,5.49,1.6905118227005005,4.773821830749512,5.471517086029053,1.546826958656311,2.546826958656311,1.0,1.7629354000091553,1.8287792205810547,36.92922489594394,41.67027760282396,2
298,urban_greening,11.79,1.9249427318572998,5.586256504058838,8.095779418945312,0.0,1.0,1.0,1.8271328210830688,1.9234201908111572,32.707642761400564,41.466916059724156,2
361,urban_greening,10.62,2.069387435913086,6.064809799194336,9.008025169372559,0.0,1.0,1.0,1.8666880130767822,2.042529582977295,30.779003379871163,41.024005657345555,2
61,urban_greening,8.37,2.458923578262329,6.200120449066162,7.514790058135986,0.0,1.0,1.0,1.9733601808547974,2.197427272796631,31.827771687113227,40.61410151139291,2
433,urban_greening,7.83,2.575222969055176,6.369259357452393,7.2584381103515625,0.0008568927878513932,1.0008568927878514,1.0,2.0052080154418945,2.147496223449707,31.482593232691773,40.46765284846498,2
360,urban_greening,8.37,2.2270607948303223,5.813924312591553,6.922088146209717,0.12591682374477386,1.1259168237447739,1.0,1.909866213798523,2.137284278869629,32.849863725645946,40.08360605091157,2
35,urban_greening,6.4799999999999995,1.702353596687317,4.410632133483887,5.894571304321289,1.054971694946289,2.054971694946289,1.0,1.7661783695220947,1.894433617591858,40.043656239520004,40.03733708045669,2
183,urban_greening,11.16,1.9387699365615845,4.968902111053467,8.724431991577148,0.0,1.0,1.0,1.8309195041656494,1.9836411476135254,36.84756638881486,39.61500567089714,2
387,urban_greening,4.59,2.897507667541504,6.234633922576904,6.581136703491211,0.36840611696243286,1.3684061169624329,1.0,2.09346342086792,2.4282283782958984,33.57796860032237,38.099358489223185,2
371,urban_greening,5.85,3.031526565551758,7.247220039367676,7.802121162414551,0.0,1.0,1.0,2.1301639080047607,2.296415090560913,29.392841619731183,37.7772435851615,2
53,urban_greening,7.83,2.3533945083618164,5.951412677764893,6.983509063720703,0.0484233982861042,1.0484233982861042,1.0,1.944461703300476,2.140263795852661,32.67227141826664,37.5657960701719,2
281,urban_greening,10.889999999999999,1.8749366998672485,5.163209915161133,8.613515853881836,0.0,1.0,1.0,1.8134392499923706,1.920588493347168,35.122322737013434,37.02691261238782,2
363,urban_greening,6.39,2.796827793121338,7.250164031982422,7.22629451751709,8.065263682510704e-05,1.000080652636825,1.0,2.0658934116363525,2.284345865249634,28.494436850299408,36.92406621428471,2
13,urban_greening,7.109999999999999,1.706522822380066,4.278982162475586,6.285276889801025,0.7201696038246155,1.7201696038246155,1.0,1.767319917678833,1.9621713161468506,41.30234365493026,36.88655892785525,2
268,urban_greening,6.66,2.7032132148742676,8.340143203735352,7.766886234283447,0.0,1.0,1.0,2.040257215499878,2.0963802337646484,24.46309572461652,36.7315667761011,2
4,urban_greening,3.69,1.296600103378296,3.371166229248047,3.3563830852508545,3.5931601524353027,4.593160152435303,1.0,1.6550651788711548,1.7438499927520752,49.09473654879143,36.371323788204656,2
365,urban_greening,8.28,2.2627153396606445,6.691565990447998,8.881253242492676,0.0,1.0,1.0,1.9196298122406006,2.071645498275757,28.687303016675205,35.96480781134899,2
204,urban_greening,8.19,2.2582831382751465,6.439984321594238,7.395179271697998,0.0,1.0,1.0,1.918415904045105,2.064039468765259,29.78913935570258,35.481752301209205,2
426,urban_greening,9.27,2.0321271419525146,6.190206050872803,9.070759773254395,0.0,1.0,1.0,1.8564848899841309,1.9166183471679688,29.990680031117403,34.97212560211492,2
168,urban_greening,7.199999999999999,2.4500019550323486,6.542031288146973,7.5358734130859375,0.0,1.0,1.0,1.9709171056747437,2.113438606262207,30.126989903666527,34.7670054871907,2
42,urban_greening,7.109999999999999,1.9109985828399658,5.351744651794434,6.563429355621338,0.38791969418525696,1.387919694185257,1.0,1.8233140707015991,1.959395170211792,34.06952665595217,34.38395165555967,2
265,urban_greening,7.56,2.2370615005493164,5.649720668792725,6.913341045379639,0.05402715504169464,1.0540271550416946,1.0,1.9126046895980835,2.0744166374206543,33.853084103125816,34.09390411003908,2
367,urban_greening,5.58,2.8470001220703125,7.215193271636963,7.258401393890381,0.02573356404900551,1.0257335640490055,1.0,2.07963228225708,2.271336793899536,28.822960161471308,33.887755252160304,2
14,urban_greening,13.41,1.4782823324203491,4.055263519287109,7.2189040184021,8.128953777486458e-05,1.0000812895377749,1.0,1.7048180103302002,1.839341163635254,42.03963570362246,33.79866069611518,2
6,urban_greening,3.15,1.0827478170394897,3.2859585285186768,1.8238455057144165,5.125697612762451,6.125697612762451,1.0,1.5965033769607544,1.6371450424194336,48.58562161100872,33.35517831513591,2
192,urban_greening,7.29,2.205497980117798,6.3697967529296875,6.872527599334717,0.08639449626207352,1.0863944962620735,1.0,1.903960943222046,1.983686923980713,29.890450466042722,33.256748391996744,2
182,urban_greening,8.82,2.022916793823242,5.559503555297852,8.72416877746582,0.0,1.0,1.0,1.8539625406265259,2.005270481109619,33.34762757476462,33.07863347443397,2
107,urban_greening,7.38,2.3138279914855957,6.500214576721191,7.158504486083984,0.0,1.0,1.0,1.933626651763916,2.044562816619873,29.747120328745627,33.01870650287232,2
302,urban_greening,7.56,2.2547810077667236,5.913585662841797,8.155082702636719,0.0,1.0,1.0,1.917456865310669,2.211552858352661,32.42460623102274,32.685246642744964,2
8,urban_greening,3.06,1.0560212135314941,3.040501117706299,1.6907364130020142,5.2588067054748535,6.2588067054748535,1.0,1.5891845226287842,1.681208848953247,52.26719087107711,32.14104070800378,2
280,urban_greening,5.04,2.997328042984009,7.524679660797119,7.235981464385986,0.0027763929683715105,1.0027763929683715,1.0,2.1207985877990723,2.3755898475646973,28.184569754487164,32.12686440760924,2
71,urban_greening,5.67,1.4163626432418823,3.995063066482544,5.5814738273620605,1.3680689334869385,2.3680689334869385,1.0,1.687861442565918,1.8284159898757935,42.24868079622074,32.0987895353737,2
404,urban_greening,5.31,2.8818275928497314,8.628693580627441,8.40839958190918,0.0,1.0,1.0,2.08916974067688,2.1601600646972656,24.211889333599032,31.969529395643846,2
354,urban_greening,7.6499999999999995,2.193220376968384,7.002641201019287,8.092365264892578,0.0,1.0,1.0,1.9005990028381348,1.9684743881225586,27.141173569788045,31.888508330248467,2
243,urban_greening,5.76,2.667358875274658,7.923882961273193,7.3948655128479,0.0,1.0,1.0,2.0304388999938965,2.166633367538452,25.62429190230808,31.195637110665412,2
417,urban_greening,4.32,2.660825490951538,7.685853481292725,6.62817907333374,0.32335931062698364,1.3233593106269836,1.0,2.0286495685577393,2.165299892425537,26.39459070479873,30.859220346499367,2
22,urban_greening,3.5999999999999996,1.1317164897918701,3.4158401489257812,3.284960985183716,3.6645820140838623,4.664582014083862,1.0,1.6099132299423218,1.6601910591125488,47.130812911389015,30.595344477747396,2
83,urban_greening,6.21,2.47693133354187,6.961899757385254,7.916781425476074,0.0,1.0,1.0,1.978291392326355,2.084390640258789,28.415970658407762,30.429570925847088,2
19,urban_greening,4.32,1.923527717590332,4.450891971588135,5.9548821449279785,0.9946610331535339,1.994661033153534,1.0,1.8267453908920288,2.050205707550049,41.04223159206946,30.278148829706844,2
153,urban_greening,9.54,1.775321125984192,4.761873245239258,7.860474586486816,0.0,1.0,1.0,1.7861599922180176,1.9781122207641602,37.50960809391038,30.251412204180752,2
116,urban_greening,5.67,1.8845268487930298,4.676681041717529,6.392580032348633,0.5587725043296814,1.5587725043296814,1.0,1.8160653114318848,2.0683670043945312,38.83235344108324,30.24820360757077,2
102,urban_greening,6.66,2.282954216003418,5.626201152801514,7.017997741699219,0.029586032032966614,1.0295860320329666,1.0,1.925171971321106,2.1283257007598877,34.21797264327253,30.137248786466635,2
90,urban_greening,5.76,2.570039987564087,6.417484283447266,7.920773983001709,0.0,1.0,1.0,2.003788471221924,2.097860097885132,31.22389370536258,29.66294302652306,2
256,urban_greening,6.029999999999999,2.464003562927246,6.643576145172119,8.691727638244629,0.0,1.0,1.0,1.9747512340545654,2.19566011428833,29.72422067427669,29.34073828193071,2
228,urban_greening,7.02,2.189013957977295,6.296936988830566,7.241754055023193,0.0038840097840875387,1.0038840097840875,1.0,1.8994470834732056,2.0801610946655273,30.164619510127267,29.301940268262147,2
300,urban_greening,8.549999999999999,1.8845793008804321,5.454375743865967,8.306467056274414,0.0,1.0,1.0,1.81607985496521,1.9110069274902344,33.29583329508583,29.262772604184324,2
254,urban_greening,3.33,2.5025057792663574,6.408471584320068,6.195228576660156,0.754314661026001,1.754314661026001,1.0,1.9852948188781738,2.157769203186035,30.97922480823189,29.02363639682437,2
238,urban_greening,5.76,2.523499011993408,6.788071155548096,7.055727481842041,0.0026841014623641968,1.0026841014623642,1.0,1.9910435676574707,2.1161158084869385,29.33150702214031,29.018203002706766,2
234,urban_greening,6.75,2.2427916526794434,6.21110200881958,7.809943675994873,0.0,1.0,1.0,1.9141738414764404,2.096477508544922,30.81858644019001,28.978378515724756,2
54,urban_greening,6.3,2.3516647815704346,6.214790344238281,7.711623668670654,0.0,1.0,1.0,1.9439878463745117,2.1192474365234375,31.28002295647477,28.80112885095534,2
218,urban_greening,4.859999999999999,2.8368711471557617,5.699089527130127,7.075058937072754,0.0045511722564697266,1.0045511722564697,1.0,2.0768587589263916,2.462486743927002,36.441939524544175,28.76437266584312,2
386,urban_greening,6.66,2.2502262592315674,6.243546962738037,8.7130765914917,0.0,1.0,1.0,1.9162098169326782,2.040060043334961,30.6910451441907,28.717291617406453,2
167,urban_greening,7.199999999999999,2.1149649620056152,5.161291122436523,8.607316970825195,0.0,1.0,1.0,1.8791694641113281,2.065795421600342,36.40890272479373,28.615518534717555,2
347,urban_greening,4.859999999999999,2.8030059337615967,8.06888484954834,7.348708152770996,0.00285742012783885,1.0028574201278389,1.0,2.067584991455078,2.248896598815918,25.624172732751443,28.246383392168255,2
284,urban_greening,8.82,1.7878271341323853,5.241493225097656,8.567699432373047,0.0,1.0,1.0,1.7895848751068115,1.8922739028930664,34.1426535960746,28.219311275201065,2
157,urban_greening,5.85,2.428136110305786,7.169961929321289,8.056571006774902,0.0,1.0,1.0,1.9649291038513184,2.062243938446045,27.405014464802314,27.91102457082522,2
301,urban_greening,4.2299999999999995,3.068871259689331,8.655034065246582,7.793875694274902,0.0,1.0,1.0,2.140390157699585,2.2887587547302246,24.730002696281765,27.7851011810265,2
430,urban_greening,5.04,2.6928718090057373,5.993908405303955,7.8607354164123535,0.0034734606742858887,1.0034734606742859,1.0,2.0374255180358887,2.283684253692627,33.991602478159145,27.748138178203263,2
132,urban_greening,4.2299999999999995,2.67079496383667,6.602599620819092,6.7423906326293945,0.2083553522825241,1.208355352282524,1.0,2.0313799381256104,2.1854681968688965,30.766365595156376,27.731077537514366,2
352,urban_greening,4.14,3.104213237762451,9.791943550109863,7.490739822387695,0.0,1.0,1.0,2.150068759918213,2.211430072784424,21.95752813438237,27.631485693479718,2
99,urban_greening,6.029999999999999,2.0493690967559814,5.324584484100342,6.75145959854126,0.19808396697044373,1.1980839669704437,1.0,1.861206293106079,2.0118393898010254,34.95495843222693,27.556195919196522,2
349,urban_greening,4.05,3.1316826343536377,9.70649528503418,7.12121057510376,0.006210539024323225,1.0062105390243232,1.0,2.157590627670288,2.234233856201172,22.22831788727017,27.535354747857102,2
127,urban_greening,4.95,2.719332695007324,6.4475531578063965,7.706789493560791,0.0,1.0,1.0,2.0446715354919434,2.319375514984131,31.712364139508498,27.52270367721965,2
264,urban_greening,2.25,1.9603586196899414,6.261311054229736,4.588987350463867,2.360555648803711,3.360555648803711,1.0,1.8368313312530518,2.012648105621338,29.336209546916017,27.22691370218126,2
253,urban_greening,5.04,2.6369073390960693,8.036595344543457,7.110743522644043,0.0,1.0,1.0,2.022099733352661,2.0850167274475098,25.16114905207452,26.873731721399658,2
173,urban_greening,2.61,2.227654218673706,5.428216934204102,5.541775226593018,1.4077677726745605,2.4077677726745605,1.0,1.9100285768508911,2.008833408355713,35.187034711444234,26.738851491526614,2
115,urban_greening,6.3,2.214787483215332,6.5132155418396,8.129237174987793,0.0,1.0,1.0,1.9065052270889282,2.006978750228882,29.27133632906693,26.601774655939323,2
137,urban_greening,3.33,2.132550001144409,5.486778259277344,6.005241394042969,0.9443010091781616,1.9443010091781616,1.0,1.883984923362732,2.0944154262542725,34.33681541945289,26.01263701864634,2
92,urban_greening,7.29,1.9454180002212524,5.386603832244873,7.638108253479004,0.0,1.0,1.0,1.8327399492263794,1.9400551319122314,34.024034555045105,25.992096141862458,2
199,urban_greening,4.95,2.602679491043091,6.2322797775268555,7.12174129486084,0.0,1.0,1.0,2.0127267837524414,2.1472625732421875,32.295193020861916,25.93048946967073,2
381,urban_greening,3.2399999999999998,2.7704172134399414,7.138029098510742,6.589486122131348,0.3600565195083618,1.3600565195083618,1.0,2.0586607456207275,2.197052478790283,28.84074465387428,25.1322821819782,2
364,urban_greening,4.05,2.9297099113464355,9.45942497253418,7.511014938354492,0.0,1.0,1.0,2.1022818088531494,2.160673141479492,22.22420300343001,24.944257199953555,2
48,urban_greening,5.67,2.2805092334747314,6.4074387550354,7.521811485290527,0.0,1.0,1.0,1.9245027303695679,2.0298571586608887,30.035444800110856,24.88475821740059,2
414,urban_greening,4.14,2.867067337036133,7.728193759918213,7.856173515319824,0.0,1.0,1.0,2.085127592086792,2.185359001159668,26.980788226366347,24.749753021094847,2
195,urban_greening,6.75,1.9788830280303955,5.430969715118408,8.724032402038574,0.0,1.0,1.0,1.8419040441513062,1.9758262634277344,33.91482812036171,24.603160402563084,2
187,urban_greening,4.859999999999999,2.3032195568084717,5.71856164932251,6.826343059539795,0.13560178875923157,1.1356017887592316,1.0,1.930721402168274,2.0889549255371094,33.76236054737664,24.5424145461131,2
170,urban_greening,2.52,2.4166157245635986,5.8829193115234375,5.896759510040283,1.0527836084365845,2.0527836084365845,1.0,1.961774468421936,2.140066385269165,33.34695521965124,24.524512720715098,2
344,urban_greening,3.06,3.249297857284546,9.870893478393555,6.936092853546143,0.12436558306217194,1.124365583062172,1.0,2.1897988319396973,2.257011651992798,22.1844034355447,24.48063697493073,2
390,urban_greening,2.61,2.816758632659912,7.08216667175293,6.342066287994385,0.607477068901062,1.607477068901062,1.0,2.0713508129119873,2.206132650375366,29.24741691230631,24.478713353701362,2
114,urban_greening,4.77,1.179190993309021,3.271472454071045,5.2721991539001465,1.677344560623169,2.677344560623169,1.0,1.6229139566421509,1.7049665451049805,49.6080581275439,24.440061464352677,2
398,urban_greening,3.06,2.76261043548584,7.5097856521606445,6.612267971038818,0.40115228295326233,1.4011522829532623,1.0,2.056523084640503,2.3162894248962402,27.384577668322923,24.359030661644702,2
185,urban_greening,5.49,2.296607255935669,7.173471450805664,8.2767333984375,0.0,1.0,1.0,1.9289109706878662,2.000746726989746,26.889505087125247,24.320430613032816,2
133,urban_greening,4.41,2.669574737548828,8.500470161437988,8.131402969360352,0.0,1.0,1.0,2.031045436859131,2.0856969356536865,23.89333058391146,23.91114166772355,2
96,urban_greening,2.6999999999999997,1.0463131666183472,3.255662202835083,2.6211137771606445,4.328428745269775,5.328428745269775,1.0,1.5865260362625122,1.6072168350219727,48.731285293693546,23.882061960810027,2
178,urban_greening,6.39,2.0043013095855713,5.7399139404296875,8.750284194946289,0.0,1.0,1.0,1.8488644361495972,1.9365079402923584,32.21066474754832,23.67930421386708,2
158,urban_greening,5.13,2.362421751022339,7.166698455810547,7.793847560882568,0.0,1.0,1.0,1.9469338655471802,2.0101990699768066,27.166398552302194,23.595326817383487,2
377,urban_greening,5.3999999999999995,2.2721657752990723,6.460057258605957,8.941389083862305,0.0,1.0,1.0,1.922217845916748,2.007290840148926,29.755430470155794,23.585027051670156,2
270,urban_greening,7.02,1.8452401161193848,5.469853401184082,9.406336784362793,0.0,1.0,1.0,1.8053067922592163,1.880122184753418,33.00466502207196,23.38519609515616,2
235,urban_greening,4.41,2.578361988067627,6.302424430847168,7.128381729125977,0.0022400934249162674,1.0022400934249163,1.0,2.0060672760009766,2.2108359336853027,31.830088531998825,22.861238007101164,2
327,urban_greening,5.58,2.148846387863159,5.312666893005371,8.287784576416016,0.0,1.0,1.0,1.8884474039077759,2.144374132156372,35.546128562927514,22.643547274666858,2
176,urban_greening,2.4299999999999997,2.352971076965332,6.193181991577148,5.9151177406311035,1.0344254970550537,2.0344254970550537,1.0,1.9443458318710327,2.067995309829712,31.394940993424413,22.617164978483252,2
275,urban_greening,4.5,2.5176029205322266,7.305590629577637,7.883778095245361,0.0,1.0,1.0,1.9894291162490845,2.1086955070495605,27.23159860880544,22.538666489672437,2
180,urban_greening,4.68,2.445023775100708,6.92091703414917,8.294793128967285,0.0,1.0,1.0,1.969553828239441,2.0450878143310547,28.457989288432064,22.537035782286708,2
297,urban_greening,4.14,2.6470694541931152,7.280771732330322,7.100433349609375,0.0014175124233588576,1.0014175124233589,1.0,2.0248827934265137,2.1841182708740234,27.81137587977118,22.221877517229508,2
277,urban_greening,4.14,2.6282718181610107,6.89247465133667,7.695295810699463,0.0,1.0,1.0,2.019735097885132,2.1235756874084473,29.303482421853246,21.97682914899775,2
278,urban_greening,3.69,2.7995810508728027,6.578954219818115,6.970954895019531,0.02121533453464508,1.021215334534645,1.0,2.0666470527648926,2.261075735092163,31.413002488137515,21.802337189033334,2
221,urban_greening,5.58,2.0566513538360596,4.8758721351623535,8.628491401672363,0.0,1.0,1.0,1.8632004261016846,2.053548812866211,38.21265969353901,21.382301527759537,2
205,urban_greening,5.67,2.0243630409240723,5.7608232498168945,8.621596336364746,0.0,1.0,1.0,1.8543585538864136,1.9905164241790771,32.18912425312396,21.2845842026884,2
368,urban_greening,4.859999999999999,2.2674694061279297,5.949188232421875,7.841440677642822,0.0,1.0,1.0,1.9209318161010742,2.057445526123047,32.288973571762,21.168479043937364,2
112,urban_greening,4.14,1.1826720237731934,3.3505849838256836,5.295915126800537,1.6536281108856201,2.65362811088562,1.0,1.6238669157028198,1.686037540435791,48.46517618689664,21.098673797294335,2
18,urban_greening,2.4299999999999997,1.033722162246704,3.1239254474639893,2.7086141109466553,4.240929126739502,5.240929126739502,1.0,1.583078145980835,1.6277674436569214,50.675925933699276,20.841104984121433,2
211,urban_greening,6.84,1.7133322954177856,4.506532192230225,7.9309401512146,0.0,1.0,1.0,1.769184947013855,1.9024306535720825,39.258233860264696,20.733419670995158,2
305,urban_greening,3.5999999999999996,2.7710795402526855,7.9441657066345215,7.181130886077881,0.0,1.0,1.0,2.058842182159424,2.154670476913452,25.916405299048513,20.538775611328216,2
193,urban_greening,5.49,2.018638849258423,4.982865333557129,9.035256385803223,0.0,1.0,1.0,1.8527909517288208,2.022684097290039,37.18324352960518,20.533235712981426,2
351,urban_greening,3.42,2.856412649154663,8.829989433288574,7.095961570739746,0.004104877822101116,1.0041048778221011,1.0,2.082209825515747,2.144665002822876,23.581113445797914,20.424461829277536,2
76,urban_greening,4.59,2.0713047981262207,6.004261493682861,6.820738315582275,0.1486373096704483,1.1486373096704483,1.0,1.8672131299972534,1.9880616664886475,31.098131418189656,20.390764466894993,2
215,urban_greening,4.32,2.4002878665924072,7.0435471534729,9.195696830749512,0.0,1.0,1.0,1.9573030471801758,2.033721923828125,27.788598621294177,20.295752063288784,2
110,urban_greening,4.14,2.289621591567993,5.3905839920043945,6.8509907722473145,0.10677278786897659,1.1067727878689766,1.0,1.9269977807998657,2.135525941848755,35.74747715012126,20.216396195409523,2
340,urban_greening,5.67,1.944887399673462,4.944850921630859,7.53289794921875,0.0,1.0,1.0,1.8325947523117065,2.0853452682495117,37.060667376142035,20.208959808854495,2
353,urban_greening,4.14,1.9035669565200806,5.534939765930176,6.547534942626953,0.4020066559314728,1.4020066559314728,1.0,1.8212791681289673,1.958441972732544,32.9051307719677,20.12310966966841,2
186,urban_greening,5.31,2.023172378540039,5.108599662780762,7.865602493286133,0.0,1.0,1.0,1.8540323972702026,1.978252649307251,36.29237990163821,19.917954087250617,2
314,urban_greening,5.9399999999999995,1.852428913116455,5.197427749633789,8.274306297302246,0.0,1.0,1.0,1.807275652885437,1.9416530132293701,34.772501705536506,19.886227059855827,2
263,urban_greening,3.78,2.6020407676696777,7.290306568145752,8.303571701049805,0.0,1.0,1.0,2.01255202293396,2.1097958087921143,27.605862718141374,19.794886312560322,2
242,urban_greening,3.51,2.7421181201934814,7.879563331604004,7.304288387298584,0.0,1.0,1.0,2.050910711288452,2.1528186798095703,26.028228024546614,19.739676379373613,2
129,urban_greening,4.41,2.3018007278442383,6.200390815734863,7.8893208503723145,0.0,1.0,1.0,1.9303330183029175,2.050858974456787,31.13244109394315,19.594696984115366,2
282,urban_greening,4.05,2.443345546722412,6.293503761291504,7.575666427612305,0.0,1.0,1.0,1.9690940380096436,2.189646005630493,31.28772322534628,19.485267452836485,2
77,urban_greening,4.2299999999999995,2.3594565391540527,6.266127109527588,7.196091651916504,0.0,1.0,1.0,1.9461215734481812,2.0572237968444824,31.057805554073767,19.42326862251039,2
296,urban_greening,5.67,1.8611658811569214,5.523416996002197,8.516057968139648,0.0,1.0,1.0,1.8096681833267212,1.959498405456543,32.763562567094674,19.097085490059968,2
210,urban_greening,5.76,1.835135817527771,5.033340930938721,8.509969711303711,0.0,1.0,1.0,1.8025399446487427,1.9176115989685059,35.811997823731126,19.053536342108735,2
409,urban_greening,3.51,2.6706807613372803,8.627835273742676,8.73641300201416,0.0,1.0,1.0,2.031348466873169,2.0902962684631348,23.54412668326233,19.042042277876032,2
38,urban_greening,2.4299999999999997,1.3253343105316162,3.962723731994629,4.417276382446289,2.532266855239868,3.532266855239868,1.0,1.6629341840744019,1.7073935270309448,41.964423879667414,18.91734925620963,2
294,urban_greening,3.33,2.7394919395446777,7.066312313079834,7.438601016998291,0.0,1.0,1.0,2.05019211769104,2.2313265800476074,29.01360747806332,18.70289432050568,2
276,urban_greening,3.5999999999999996,2.5779781341552734,6.798693656921387,9.011903762817383,0.0,1.0,1.0,2.005962371826172,2.175689458847046,29.505114850762673,18.616777677022036,2
316,urban_greening,6.12,1.7077937126159668,5.228034973144531,7.645586967468262,0.0002469034807290882,1.000246903480729,1.0,1.7676678895950317,1.8376555442810059,33.81132487971526,18.47969167393102,2
161,urban_greening,5.9399999999999995,1.7394016981124878,4.976195335388184,8.105854034423828,0.0,1.0,1.0,1.776323676109314,1.8483655452728271,35.696421791905934,18.353058086614425,2
24,urban_greening,2.4299999999999997,1.664845585823059,4.349640846252441,5.409505367279053,1.5400373935699463,2.5400373935699463,1.0,1.7559069395065308,1.8662045001983643,40.36900980041566,18.043543791627993,2
103,urban_greening,3.8699999999999997,2.351705551147461,6.574923992156982,7.278648376464844,0.0,1.0,1.0,1.9439994096755981,2.056209087371826,29.56687274247631,17.69253396623497,2
290,urban_greening,3.51,2.208251476287842,6.855020523071289,6.775205135345459,0.19485187530517578,1.1948518753051758,1.0,1.9047152996063232,1.962554693222046,27.785697988734018,17.640048941198174,2
312,urban_greening,4.5,2.091606378555298,6.134045600891113,7.971497058868408,0.0,1.0,1.0,1.8727725744247437,1.9715150594711304,30.530789894236843,17.62696378012599,2
84,urban_greening,3.8699999999999997,2.318906545639038,5.728490829467773,7.955012321472168,0.0,1.0,1.0,1.9350172281265259,2.087623357772827,33.77883086017449,17.365170329798136,2
362,urban_greening,4.59,2.0345773696899414,5.610042572021484,8.811901092529297,0.0,1.0,1.0,1.8571557998657227,1.9311058521270752,33.10413024542393,17.343439675394063,2
419,urban_greening,4.05,2.2303926944732666,6.024457931518555,7.577600955963135,0.0,1.0,1.0,1.910778522491455,2.084671974182129,31.71701992464266,17.260235152151523,2
88,urban_greening,3.78,2.3475582599639893,6.1836628913879395,8.087610244750977,0.0,1.0,1.0,1.9428637027740479,2.078320026397705,31.41930174557053,17.24052607237083,2
233,urban_greening,4.41,2.0285420417785645,5.511226177215576,6.9690070152282715,0.03106229193508625,1.0310622919350863,1.0,1.8555028438568115,2.0412864685058594,33.667695430969644,17.11469369241022,2
299,urban_greening,3.96,2.252228021621704,5.277848243713379,8.149513244628906,0.0,1.0,1.0,1.9167577028274536,2.108065366744995,36.31702948470653,17.095222619510263,2
51,urban_greening,3.69,2.3739609718322754,6.290436744689941,7.627285003662109,0.0,1.0,1.0,1.9500937461853027,2.1220662593841553,31.000927683303868,17.082657381526403,2
5,urban_greening,2.52,1.1850602626800537,3.4144155979156494,4.43572998046875,2.5138132572174072,3.5138132572174072,1.0,1.6245211362838745,1.7425810098648071,47.57830702494369,17.046884542128396,2
259,urban_greening,2.25,2.368471145629883,6.3844194412231445,6.33676815032959,0.6127749681472778,1.6127749681472778,1.0,1.9485902786254883,2.088404893875122,30.52102538946238,16.747304703523458,2
140,urban_greening,3.33,2.5219860076904297,6.804670810699463,7.812891960144043,0.0,1.0,1.0,1.9906290769577026,2.112318754196167,29.253863005800316,16.71772779970151,2
222,urban_greening,3.15,2.1167924404144287,6.061491012573242,6.617873668670654,0.33243659138679504,1.332436591386795,1.0,1.8796697854995728,1.9912608861923218,31.010023467833367,16.700018064098632,2
271,urban_greening,2.4299999999999997,2.0172300338745117,5.961532115936279,6.131358623504639,0.8181847333908081,1.818184733390808,1.0,1.8524055480957031,1.9490300416946411,31.072642268316898,16.50957065060377,2
81,urban_greening,3.42,2.4292075634002686,6.724720478057861,7.773705959320068,0.0,1.0,1.0,1.9652225971221924,2.081122875213623,29.2238555272971,16.32685290069467,2
392,urban_greening,3.42,2.1122090816497803,6.539033889770508,6.7892913818359375,0.19649216532707214,1.1964921653270721,1.0,1.8784147500991821,1.9443981647491455,28.726181600583608,16.235451126763735,2
247,urban_greening,3.78,2.2262210845947266,6.501832485198975,8.447976112365723,0.0,1.0,1.0,1.9096360206604004,2.001605987548828,29.370735481228873,16.06980805830195,2
262,urban_greening,2.9699999999999998,2.652221918106079,7.190799713134766,7.679745674133301,0.0,1.0,1.0,2.0262935161590576,2.1400020122528076,28.178973090542566,15.961314825937663,2
423,urban_greening,4.2299999999999995,2.0287649631500244,5.55571985244751,8.547264099121094,0.0,1.0,1.0,1.8555642366409302,1.9389008283615112,33.39916853121171,15.923850694024765,2
66,urban_greening,3.69,2.240037202835083,6.597671031951904,7.960860252380371,0.0,1.0,1.0,1.9134196043014526,1.997956395149231,29.00143997836419,15.815823752613486,2
17,urban_greening,3.06,1.4918830394744873,4.03137731552124,5.93582010269165,1.0137221813201904,2.0137221813201904,1.0,1.7085423469543457,1.7848050594329834,42.381107329653126,15.706575436033201,2
171,urban_greening,3.96,2.108654022216797,5.197267532348633,8.263025283813477,0.0,1.0,1.0,1.8774412870407104,2.0073161125183105,36.12362217944742,15.677141520721326,2
97,urban_greening,3.78,2.176514148712158,6.509580135345459,7.52490758895874,0.0,1.0,1.0,1.8960241079330444,1.9515902996063232,29.126672819312695,15.59901406347504,2
292,urban_greening,4.59,1.8570750951766968,4.285680294036865,8.551077842712402,0.0,1.0,1.0,1.8085479736328125,1.9195804595947266,42.19978742112991,15.416017147219918,2
240,urban_greening,3.5999999999999996,2.206573963165283,6.624709129333496,8.257261276245117,0.0,1.0,1.0,1.9042558670043945,1.9516575336456299,28.744746823261348,15.126773095211863,2
148,urban_greening,3.2399999999999998,2.3876781463623047,5.778523921966553,7.55256462097168,0.0,1.0,1.0,1.9538500308990479,2.115793228149414,33.81226862229744,15.115134664952183,2
113,urban_greening,3.06,1.503862977027893,4.538235664367676,6.037942409515381,0.9125513434410095,1.9125513434410095,1.0,1.7118229866027832,1.8431155681610107,37.72001088536014,15.066127934059034,2
82,urban_greening,2.4299999999999997,1.1665483713150024,3.5113399028778076,4.699920177459717,2.2496228218078613,3.2496228218078613,1.0,1.619451880455017,1.6572978496551514,46.12062418473798,14.917980306208605,2
230,urban_greening,4.14,1.9588823318481445,5.97445821762085,7.776948928833008,0.0,1.0,1.0,1.836427092552185,1.9109470844268799,30.737968626776798,14.893006583256811,2
70,urban_greening,3.42,1.3075824975967407,3.7345452308654785,5.954955101013184,0.9945880770683289,1.9945880770683289,1.0,1.658072829246521,1.7345166206359863,44.398252712078246,14.789450089453322,2
306,urban_greening,3.33,2.2890713214874268,5.510862827301025,7.962425231933594,0.0,1.0,1.0,1.9268471002578735,2.0694146156311035,34.96452662026351,14.68759915884472,2
119,urban_greening,3.06,2.2212462425231934,6.2551493644714355,7.827145576477051,0.13232441246509552,1.1323244124650955,1.0,1.9082738161087036,2.007100820541382,30.507246188995744,14.686885008103026,2
164,urban_greening,2.9699999999999998,2.492379903793335,7.6950602531433105,8.686515808105469,0.0,1.0,1.0,1.9825217723846436,2.0405120849609375,25.763563989961153,14.67535635024296,2
380,urban_greening,4.68,1.688644528388977,5.239415168762207,7.031844615936279,0.04652106761932373,1.0465210676193237,1.0,1.7624244689941406,1.8343980312347412,33.637809034524494,14.576141633375858,2
11,urban_greening,2.79,1.546351432800293,4.644782066345215,6.0121564865112305,0.9373874068260193,1.9373874068260193,1.0,1.723457932472229,1.8203978538513184,37.10524859626721,14.405540709378567,2
250,urban_greening,4.59,1.7414977550506592,5.147319793701172,8.15611743927002,0.0,1.0,1.0,1.776897668838501,1.8646860122680664,34.520832978221186,14.203586552677825,2
286,urban_greening,4.2299999999999995,1.8200647830963135,5.25089693069458,7.621124267578125,0.0,1.0,1.0,1.7984126806259155,1.872260570526123,34.24962828946681,13.84575268658491,2
72,urban_greening,2.4299999999999997,2.309575319290161,6.519236087799072,6.70270299911499,0.2745732069015503,1.2745732069015503,1.0,1.9324620962142944,2.0550074577331543,29.642462248467268,13.82337764057872,2
357,urban_greening,2.34,2.3420751094818115,7.191756248474121,6.661266803741455,0.29012447595596313,1.2901244759559631,1.0,1.941361904144287,2.025111675262451,26.994267284242106,13.726341316820733,2
208,urban_greening,4.05,1.848420262336731,5.745168209075928,8.555726051330566,0.0,1.0,1.0,1.8061779737472534,1.9299087524414062,31.43820873501918,13.521232654445928,2
412,urban_greening,2.4299999999999997,2.720366954803467,8.06468391418457,8.28096866607666,0.0,1.0,1.0,2.044954538345337,2.1068227291107178,25.356908715896086,13.518155002961779,2
416,urban_greening,2.79,2.422633647918701,7.081484317779541,7.410679817199707,0.0,1.0,1.0,1.9634222984313965,2.0545570850372314,27.72614059882638,13.271061661458033,2
261,urban_greening,2.52,2.2780537605285645,6.306677341461182,6.754033088684082,0.19641795754432678,1.1964179575443268,1.0,1.9238301515579224,2.038832187652588,30.504654787241645,13.213387140751289,2
206,urban_greening,3.06,2.117675304412842,6.218033790588379,6.887021064758301,0.08275709301233292,1.082757093012333,1.0,1.8799115419387817,1.9639033079147339,30.233215277540264,13.19013529487882,2
56,urban_greening,3.69,1.3686070442199707,3.8374366760253906,6.419177532196045,0.5303659439086914,1.5303659439086914,1.0,1.6747840642929077,1.7757827043533325,43.64330165384145,12.943724169442081,2
60,urban_greening,3.78,1.8735636472702026,5.388846397399902,7.595559120178223,0.0,1.0,1.0,1.813063144683838,1.9131548404693604,33.64473601546026,12.840241168761429,2
373,urban_greening,2.61,2.4729723930358887,6.752485275268555,8.724297523498535,0.0,1.0,1.0,1.9772074222564697,2.097550630569458,29.281180804616174,12.761802157124805,2
139,urban_greening,2.34,2.677617073059082,8.537100791931152,8.011967658996582,0.0,1.0,1.0,2.033247947692871,2.08345103263855,23.81660937650633,12.739567039301162,2
394,urban_greening,3.33,2.0246663093566895,5.904252052307129,8.149032592773438,0.0,1.0,1.0,1.8544416427612305,1.914876103401184,31.408578535135437,12.502902970833233,2
245,urban_greening,2.4299999999999997,2.547041177749634,6.797811985015869,7.057659149169922,0.000555974489543587,1.0005559744895436,1.0,1.9974905252456665,2.095386028289795,29.384315565782796,12.369961768170858,2
323,urban_greening,2.61,2.412022590637207,7.050656318664551,7.384975910186768,0.0,1.0,1.0,1.9605164527893066,2.0676331520080566,27.806155401439902,12.342194030688137,2
287,urban_greening,2.52,2.4638702869415283,5.969644069671631,7.137807369232178,0.0,1.0,1.0,1.974714994430542,2.2143759727478027,33.079275269742574,12.260912831887403,2
147,urban_greening,2.34,2.599313974380493,7.73535680770874,8.344888687133789,0.0,1.0,1.0,2.0118050575256348,2.074312448501587,26.00791543992841,12.236592419428419,2
372,urban_greening,2.79,2.278830051422119,6.839474678039551,8.58070182800293,0.0,1.0,1.0,1.9240425825119019,2.018631935119629,28.131438057511815,12.232939299710605,2
130,urban_greening,2.25,2.1827874183654785,6.519108295440674,6.64097785949707,0.3085653781890869,1.308565378189087,1.0,1.8977420330047607,1.9651978015899658,29.110454175642417,12.196256864605408,2
190,urban_greening,2.52,2.3901619911193848,5.725610256195068,6.933859348297119,0.03391662612557411,1.0339166261255741,1.0,1.9545300006866455,2.1250195503234863,34.13662322844728,12.171826038852354,2
311,urban_greening,2.52,2.446514129638672,7.28533935546875,7.334422588348389,0.0,1.0,1.0,1.9699617624282837,2.0387120246887207,27.040082366918558,12.145239002304317,2
328,urban_greening,2.88,2.203425884246826,5.738859176635742,8.334906578063965,0.0,1.0,1.0,1.9033937454223633,2.038377523422241,33.16676166530677,12.07868269414219,2
207,urban_greening,3.5999999999999996,1.8454316854476929,4.677105903625488,8.813632011413574,0.0,1.0,1.0,1.8053594827651978,2.044548988342285,38.59992739026418,11.994003335226074,2
106,urban_greening,2.88,2.094676971435547,5.158827781677246,6.899686336517334,0.06015902757644653,1.0601590275764465,1.0,1.8736135959625244,2.0320475101470947,36.31859165016306,11.982862915353396,2
203,urban_greening,3.69,1.789939284324646,5.2274088859558105,8.343986511230469,0.0,1.0,1.0,1.7901631593704224,1.8902413845062256,34.245707547002006,11.823805614295933,2
418,urban_greening,2.4299999999999997,2.4032483100891113,6.957160472869873,7.1619744300842285,0.0031597348861396313,1.0031597348861396,1.0,1.9581137895584106,2.056757926940918,28.145301480313222,11.471307907247732,2
145,urban_greening,2.25,2.51401424407959,7.381463527679443,7.449670314788818,0.0,1.0,1.0,1.9884464740753174,2.0757241249084473,26.938377011807003,11.247711208684166,2
68,urban_greening,2.79,1.3405773639678955,3.803649663925171,6.1776556968688965,0.7718870639801025,1.7718870639801025,1.0,1.6671082973480225,1.7413705587387085,43.829175782389285,11.048312144714941,2
152,urban_greening,2.61,2.187623977661133,5.933984279632568,7.0996317863464355,0.0006323682609945536,1.0006323682609946,1.0,1.8990662097930908,2.021383285522461,32.00322279773011,10.849952474138139,2
376,urban_greening,2.4299999999999997,2.310220241546631,6.863043785095215,9.089812278747559,0.0,1.0,1.0,1.9326386451721191,2.0553603172302246,28.160080362146584,10.849514829942683,2
209,urban_greening,2.61,2.182847738265991,6.660810470581055,7.471691608428955,0.0,1.0,1.0,1.8977587223052979,1.977900743484497,28.49140852584186,10.811972853720146,2
117,urban_greening,2.52,2.240831136703491,6.540946960449219,8.018647193908691,0.0,1.0,1.0,1.9136370420455933,1.9839930534362793,29.256269063434946,10.806106419775633,2
220,urban_greening,2.4299999999999997,2.0433664321899414,5.68342924118042,6.836457252502441,0.1566445529460907,1.1566445529460907,1.0,1.8595625162124634,1.9601428508758545,32.71902292261567,10.679802675694221,2
273,urban_greening,3.2399999999999998,1.829143762588501,5.371136665344238,8.07178020477295,0.0,1.0,1.0,1.8008990287780762,1.8744243383407593,33.52919765378295,10.672894450753187,2
95,urban_greening,2.88,1.9953181743621826,5.762310028076172,7.367161750793457,0.0,1.0,1.0,1.846404790878296,1.9262897968292236,32.04278808120194,10.610395305030343,2
326,urban_greening,2.25,2.3925676345825195,6.719205856323242,7.219660758972168,0.0,1.0,1.0,1.9551891088485718,2.053321361541748,29.09851477475723,10.525324907968496,2
359,urban_greening,2.79,2.0183939933776855,6.136390209197998,9.175938606262207,0.0,1.0,1.0,1.8527238368988037,1.9692111015319824,30.192405856487202,10.43327939195793,2
241,urban_greening,2.52,2.1045117378234863,5.738280296325684,7.173892021179199,0.009606310166418552,1.0096063101664186,1.0,1.8763067722320557,1.9709595441818237,32.698067632448804,10.046338231466303,2
343,urban_greening,2.79,1.9377628564834595,5.928206920623779,7.787683010101318,0.0,1.0,1.0,1.830643653869629,1.871650218963623,30.880225308954035,9.897115639832785,2
379,urban_greening,2.25,2.2826290130615234,6.571181774139404,8.179277420043945,0.0,1.0,1.0,1.925083041191101,1.9839141368865967,29.295842169017153,9.887063405344918,2
279,urban_greening,2.88,1.850522518157959,4.569863796234131,8.314223289489746,0.0,1.0,1.0,1.806753396987915,1.9782500267028809,39.53626360761122,9.629100996147425,2
89,urban_greening,2.4299999999999997,2.076556444168091,5.530964374542236,7.292587757110596,0.0,1.0,1.0,1.8686515092849731,1.9484552145004272,33.785274732304345,9.42927561042964,2
231,urban_greening,2.52,2.004432201385498,5.699954986572266,7.317962646484375,0.0,1.0,1.0,1.8489006757736206,1.9376096725463867,32.43711011980252,9.339110050243814,2
229,urban_greening,2.61,1.906842589378357,5.731770992279053,7.909498691558838,0.0,1.0,1.0,1.8221765756607056,1.9162449836730957,31.79081261472689,9.068716178575738,2
169,urban_greening,2.6999999999999997,1.8499571084976196,4.882513046264648,8.554691314697266,0.0,1.0,1.0,1.8065986633300781,1.9223346710205078,37.001409852088585,9.023751106460393,2
339,urban_greening,3.33,1.5502885580062866,4.687779903411865,7.688787460327148,0.0,1.0,1.0,1.7245365381240845,1.7756855487823486,36.78791610649063,8.90285244551541,2
74,urban_greening,4.2299999999999995,1.2671009302139282,3.7620089054107666,7.0449347496032715,0.0020731764379888773,1.0020731764379889,1.0,1.6469870805740356,1.7559692859649658,43.779457252353424,8.845883320998848,2
320,urban_greening,2.61,1.8107601404190063,4.994693756103516,7.040987968444824,0.0019022843334823847,1.0019022843334824,1.0,1.7958648204803467,1.9129334688186646,35.95545409137046,8.503553397206925,2
429,urban_greening,2.25,1.9830105304718018,6.256983757019043,8.598825454711914,0.0,1.0,1.0,1.8430343866348267,1.888509750366211,29.455636424935943,8.223202342616624,2
336,urban_greening,3.06,1.5442596673965454,4.6540207862854,7.258854389190674,0.0,1.0,1.0,1.7228853702545166,1.774366021156311,37.01928825353689,8.141382109824738,2
313,urban_greening,2.61,1.6538573503494263,4.623000144958496,6.944677829742432,0.03006589785218239,1.0300658978521824,1.0,1.7528979778289795,1.802358865737915,37.91689212340954,7.7939964644035085,2
194,urban_greening,2.6999999999999997,1.6075063943862915,4.647027015686035,9.249813079833984,0.0,1.0,1.0,1.7402050495147705,1.811323881149292,37.4477067518805,7.552955010523426,2
333,urban_greening,2.6999999999999997,1.48234224319458,4.695098400115967,8.207965850830078,0.0,1.0,1.0,1.7059298753738403,1.7433140277862549,36.33427310770962,6.827684179124634,2
196,urban_greening,2.25,1.5561819076538086,4.78955078125,8.941707611083984,0.0,1.0,1.0,1.7261501550674438,1.7777040004730225,36.03991760197905,6.043958192721988,2
151,urban_greening,2.25,1.2180016040802002,3.7972235679626465,7.7045979499816895,0.0,1.0,1.0,1.6335417032241821,1.6781954765319824,43.01937123235119,4.476726933432651,2
