region_id,area_pixels,area_ha,hotspot_frequency_mean,mean_excess_heat_c,hotspot_score_mean,mean_night_cooling_c,cooling_deficit_c,centroid_y,centroid_x
1,49,4.41,0.3531636595726013,3.1927573680877686,1.1323856115341187,1.6276355981826782,5.3219075202941895,50.53061224489796,1395.9183673469388
2,127,11.43,0.3605022132396698,3.149397373199463,1.1407392024993896,2.8271286487579346,4.122415065765381,123.5748031496063,1460.8110236220473
3,40,3.5999999999999996,0.35453668236732483,3.0975074768066406,1.1041685342788696,1.3596709966659546,5.589871883392334,125.925,1415.675
4,41,3.69,0.3824276924133301,3.371166229248047,1.296600103378296,3.3563830852508545,3.5931601524353027,160.8780487804878,1465.3658536585365
5,28,2.52,0.3454219698905945,3.4144155979156494,1.1850602626800537,4.43572998046875,2.5138132572174072,184.92857142857142,1467.607142857143
6,35,3.15,0.3291781544685364,3.2859585285186768,1.0827478170394897,1.8238455057144165,5.125697612762451,242.05714285714285,1368.5714285714287
7,220,19.8,0.3697437644004822,3.1948835849761963,1.1905709505081177,3.0988857746124268,3.8506569862365723,246.47727272727272,1458.8818181818183
8,34,3.06,0.3459005057811737,3.040501117706299,1.0560212135314941,1.6907364130020142,5.2588067054748535,245.38235294117646,1357.1764705882354
9,143,12.87,0.36733534932136536,4.394469738006592,1.615665078163147,6.009332180023193,0.9402112364768982,327.7902097902098,1266.937062937063
10,230,20.7,0.4076884388923645,4.69503116607666,1.9252729415893555,5.945098400115967,1.0044448375701904,341.495652173913,1251.2608695652175
11,31,2.79,0.3329181671142578,4.644782066345215,1.546351432800293,6.0121564865112305,0.9373874068260193,344.16129032258067,1120.6451612903227
12,94,8.459999999999999,0.38158223032951355,4.519707679748535,1.7270731925964355,6.22884464263916,0.775661051273346,357.01063829787233,1110.5531914893618
13,79,7.109999999999999,0.39675480127334595,4.278982162475586,1.706522822380066,6.285276889801025,0.7201696038246155,372.253164556962,1108.379746835443
14,149,13.41,0.36353036761283875,4.055263519287109,1.4782823324203491,7.2189040184021,8.128953777486458e-05,378.77852348993287,1074.510067114094
15,76,6.84,0.38904693722724915,4.865744113922119,1.8904454708099365,5.983043670654297,0.9664998054504395,394.5921052631579,1163.5131578947369
16,231,20.79,0.4410904347896576,4.6236419677734375,2.0381858348846436,5.80800199508667,1.141541838645935,406.42857142857144,1188.4329004329004
17,34,3.06,0.3707699477672577,4.03137731552124,1.4918830394744873,5.93582010269165,1.0137221813201904,417.79411764705884,1176.8529411764705
18,27,2.4299999999999997,0.33033034205436707,3.1239254474639893,1.033722162246704,2.7086141109466553,4.240929126739502,421.74074074074076,1371.2592592592594
19,48,4.32,0.42816925048828125,4.450891971588135,1.923527717590332,5.9548821449279785,0.9946610331535339,425.1875,1223.0208333333333
20,1775,159.75,0.46073630452156067,5.443105220794678,2.507168769836426,6.3080949783325195,0.6416048407554626,466.3667605633803,1221.620281690141
21,84,7.56,0.33259791135787964,3.0344080924987793,1.0101840496063232,2.982379198074341,3.967163562774658,450.75,1498.5714285714287
22,40,3.5999999999999996,0.33079153299331665,3.4158401489257812,1.1317164897918701,3.284960985183716,3.6645820140838623,450.85,1288.0
23,129,11.61,0.42198678851127625,4.71815299987793,1.991127610206604,6.403438091278076,0.5461049675941467,458.4651162790698,1184.4031007751937
24,27,2.4299999999999997,0.38223937153816223,4.349640846252441,1.664845585823059,5.409505367279053,1.5400373935699463,454.22222222222223,1092.037037037037
25,236,21.24,0.46202799677848816,4.785109996795654,2.22863507270813,6.5309529304504395,0.41858965158462524,467.47033898305085,1153.3728813559321
26,129,11.61,0.4416210651397705,4.667042255401611,2.070006847381592,5.906159400939941,1.043383240699768,470.52713178294573,1075.9922480620155
27,192,17.28,0.3434685170650482,3.250635862350464,1.1194357872009277,2.900629758834839,4.048913478851318,481.1041666666667,1340.5572916666667
28,2007,180.63,0.4593420922756195,5.572341442108154,2.565683126449585,6.537154197692871,0.5460033416748047,497.678624813154,1254.723966118585
29,137,12.33,0.3646816611289978,3.364992618560791,1.2325365543365479,1.2694967985153198,5.680046081542969,482.8759124087591,1397.2919708029196
30,89,8.01,0.34501758217811584,3.8441803455352783,1.3320672512054443,3.3819923400878906,3.5675504207611084,482.35955056179773,1319.1348314606741
31,889,80.00999999999999,0.3908560574054718,3.439361333847046,1.36317777633667,1.6853450536727905,5.264197826385498,492.8166479190101,1442.429696287964
32,191,17.189999999999998,0.3777112662792206,4.877785682678223,1.8412129878997803,6.079219341278076,0.8703235983848572,488.16230366492147,1094.1204188481674
33,579,52.11,0.3906082510948181,3.3768229484558105,1.3316688537597656,2.0798251628875732,4.869718074798584,499.6580310880829,1367.7599309153713
34,78,7.02,0.31967130303382874,3.8005876541137695,1.215211033821106,4.163973331451416,2.785569906234741,497.9871794871795,1309.1538461538462
35,72,6.4799999999999995,0.3861004114151001,4.410632133483887,1.702353596687317,5.894571304321289,1.054971694946289,495.65277777777777,1067.486111111111
36,324,29.16,0.4143667221069336,5.272182464599609,2.185239553451538,6.692728519439697,0.4086611270904541,508.5833333333333,1171.3271604938273
37,95,8.549999999999999,0.433123379945755,4.707461833953857,2.048335075378418,6.056059837341309,0.89348304271698,506.7368421052632,1108.778947368421
38,27,2.4299999999999997,0.3343343138694763,3.962723731994629,1.3253343105316162,4.417276382446289,2.532266855239868,504.14814814814815,1300.5185185185185
39,88,7.92,0.3797385096549988,5.212583541870117,1.9756240844726562,6.408413887023926,0.541129469871521,507.95454545454544,1145.284090909091
40,168,15.12,0.3741726577281952,4.184284210205078,1.5755178928375244,6.824215888977051,0.13557441532611847,515.9285714285714,936.2202380952381
41,725,65.25,0.4426734149456024,4.598598957061768,2.076631546020508,6.307901859283447,0.6459504961967468,539.0027586206896,1003.8124137931035
42,79,7.109999999999999,0.3576071560382843,5.351744651794434,1.9109985828399658,6.563429355621338,0.38791969418525696,518.8607594936709,1335.4683544303798
43,216,19.439999999999998,0.3421993553638458,6.572445869445801,2.2462124824523926,7.616837024688721,0.0,528.2407407407408,1153.9907407407406
44,156,14.04,0.37850213050842285,5.171152591705322,1.9552295207977295,5.2337965965271,1.7157459259033203,519.025641025641,1392.320512820513
45,183,16.47,0.40245163440704346,4.250468730926514,1.7264405488967896,7.042620658874512,0.022004546597599983,524.311475409836,961.3661202185792
46,98,8.82,0.4435032308101654,6.153550148010254,2.6894795894622803,7.897950649261475,0.0,522.7142857142857,1214.3673469387754
47,152,13.68,0.3727138936519623,5.1227827072143555,1.9132875204086304,5.811951637268066,1.1375917196273804,527.3947368421053,1456.842105263158
48,63,5.67,0.35747992992401123,6.4074387550354,2.2805092334747314,7.521811485290527,0.0,523.7142857142857,1235.2222222222222
49,188,16.919999999999998,0.4152427315711975,6.499599456787109,2.6925466060638428,7.263779640197754,0.013290912844240665,533.2393617021277,1286.1329787234042
50,136,12.24,0.36381444334983826,5.396588325500488,1.9595332145690918,7.003301620483398,0.09826979786157608,529.7426470588235,1368.264705882353
51,41,3.69,0.37941426038742065,6.290436744689941,2.3739609718322754,7.627285003662109,0.0,528.7560975609756,1179.5365853658536
52,625,56.25,0.45856988430023193,6.081127166748047,2.74951171875,7.742906093597412,0.0,544.856,1242.4736
53,87,7.83,0.39613014459609985,5.951412677764893,2.3533945083618164,6.983509063720703,0.0484233982861042,544.1494252873563,1340.1149425287356
54,70,6.3,0.38019856810569763,6.214790344238281,2.3516647815704346,7.711623668670654,0.0,554.6285714285714,1184.5142857142857
55,468,42.12,0.3982526361942291,6.631969451904297,2.636669158935547,7.646412372589111,0.0,563.6666666666666,1257.912393162393
56,41,3.69,0.3553065359592438,3.8374366760253906,1.3686070442199707,6.419177532196045,0.5303659439086914,563.9268292682926,954.1951219512196
57,148,13.32,0.36755192279815674,5.489245414733887,2.0157294273376465,6.488781929016113,0.47133833169937134,571.8986486486486,1420.4256756756756
58,509,45.809999999999995,0.36546790599823,3.9158453941345215,1.440118432044983,6.20866060256958,0.7408825755119324,574.2750491159136,930.6738703339882
59,96,8.64,0.42277991771698,6.103107452392578,2.535038709640503,7.775390148162842,0.0,571.9791666666666,1242.0416666666667
60,42,3.78,0.3485015630722046,5.388846397399902,1.8735636472702026,7.595559120178223,0.0,568.5952380952381,1400.2380952380952
61,93,8.37,0.4022916853427887,6.200120449066162,2.458923578262329,7.514790058135986,0.0,581.741935483871,1271.4623655913979
62,120,10.799999999999999,0.35601672530174255,3.8838860988616943,1.389054536819458,5.2326507568359375,1.7168922424316406,583.3416666666667,889.95
63,232,20.88,0.41016510128974915,5.903111457824707,2.4094293117523193,7.441333293914795,0.04482286795973778,593.3448275862069,1409.155172413793
64,77,6.93,0.3806849718093872,5.161355018615723,1.9634654521942139,6.449396133422852,0.7205501198768616,592.012987012987,1465.5194805194806
65,222,19.98,0.47201642394065857,6.004975318908691,2.833677053451538,7.464880466461182,0.0,597.2702702702703,1273.0900900900901
66,41,3.69,0.33986252546310425,6.597671031951904,2.240037202835083,7.960860252380371,0.0,591.609756097561,1251.0487804878048
67,90,8.1,0.4264264404773712,6.272639274597168,2.669874429702759,7.057721138000488,0.03643064945936203,592.2,1320.7666666666667
68,31,2.79,0.3512267768383026,3.803649663925171,1.3405773639678955,6.1776556968688965,0.7718870639801025,593.1935483870968,931.5483870967741
69,429,38.61,0.477945476770401,6.097134590148926,2.906662940979004,7.223795413970947,0.0,609.3426573426574,1332.948717948718
70,38,3.42,0.3493192493915558,3.7345452308654785,1.3075824975967407,5.954955101013184,0.9945880770683289,599.0526315789474,945.0
71,63,5.67,0.3524545729160309,3.995063066482544,1.4163626432418823,5.5814738273620605,1.3680689334869385,602.5396825396825,901.031746031746
72,27,2.4299999999999997,0.3540683388710022,6.519236087799072,2.309575319290161,6.70270299911499,0.2745732069015503,602.7407407407408,1309.2222222222222
73,602,54.18,0.4561307728290558,6.4120774269104,2.9040989875793457,7.420414924621582,0.0,619.4069767441861,1367.5730897009967
74,47,4.2299999999999995,0.33590734004974365,3.7620089054107666,1.2671009302139282,7.0449347496032715,0.0020731764379888773,608.8723404255319,979.936170212766
75,219,19.71,0.37070927023887634,4.402709484100342,1.6445823907852173,5.359400749206543,1.5901424884796143,612.3150684931506,851.0502283105022
76,51,4.59,0.34620338678359985,6.004261493682861,2.0713047981262207,6.820738315582275,0.1486373096704483,614.2745098039215,1286.9607843137255
77,47,4.2299999999999995,0.3776389956474304,6.266127109527588,2.3594565391540527,7.196091651916504,0.0,614.063829787234,1309.1914893617022
78,514,46.26,0.39335668087005615,6.156147480010986,2.4098830223083496,6.864739894866943,0.12883944809436798,635.124513618677,1295.0875486381324
79,138,12.42,0.4744558036327362,5.634768009185791,2.66916823387146,7.629122734069824,0.0,622.4927536231884,1242.9927536231885
80,454,40.86,0.35937950015068054,4.118302822113037,1.4881142377853394,4.8397908210754395,2.1097517013549805,638.0969162995594,828.8171806167401
81,38,3.42,0.3618166744709015,6.724720478057861,2.4292075634002686,7.773705959320068,0.0,637.8421052631579,1320.5
82,27,2.4299999999999997,0.33176034688949585,3.5113399028778076,1.1665483713150024,4.699920177459717,2.2496228218078613,642.4814814814815,867.4444444444445
83,69,6.21,0.3580102324485779,6.961899757385254,2.47693133354187,7.916781425476074,0.0,650.2753623188406,1390.159420289855
84,43,3.8699999999999997,0.40675225853919983,5.728490829467773,2.318906545639038,7.955012321472168,0.0,649.2790697674419,1190.3720930232557
85,662,59.58,0.42642512917518616,5.893676280975342,2.526118040084839,7.749038219451904,0.2566060423851013,672.0966767371601,1460.4954682779455
86,1103,99.27,0.44538062810897827,6.229842662811279,2.7544169425964355,7.644106388092041,0.02539564110338688,674.692656391659,1234.0725294650952
87,123,11.07,0.3944188356399536,5.6143293380737305,2.2130823135375977,7.514845848083496,0.0,653.260162601626,1124.7967479674796
88,42,3.78,0.3803088366985321,6.1836628913879395,2.3475582599639893,8.087610244750977,0.0,653.2380952380952,1223.5
89,27,2.4299999999999997,0.3762333393096924,5.530964374542236,2.076556444168091,7.292587757110596,0.0,654.074074074074,1141.6666666666667
90,64,5.76,0.4032939076423645,6.417484283447266,2.570039987564087,7.920773983001709,0.0,662.71875,1360.125
91,115,10.35,0.4623468518257141,6.089296340942383,2.791659355163574,7.678589344024658,0.0,668.8,1160.208695652174
92,81,7.29,0.3621240258216858,5.386603832244873,1.9454180002212524,7.638108253479004,0.0,664.7407407407408,1092.1975308641975
93,93,8.37,0.34591272473335266,3.8817460536956787,1.346618890762329,4.153857231140137,2.7956857681274414,676.3655913978495,813.2795698924731
94,194,17.46,0.5035425424575806,5.385781288146973,2.7196478843688965,7.578503131866455,0.0,680.9226804123712,1086.3350515463917
95,32,2.88,0.3461631238460541,5.762310028076172,1.9953181743621826,7.367161750793457,0.0,680.15625,1150.03125
96,30,2.6999999999999997,0.3212355077266693,3.255662202835083,1.0463131666183472,2.6211137771606445,4.328428745269775,681.4,1610.3333333333333
97,42,3.78,0.3349880576133728,6.509580135345459,2.176514148712158,7.52490758895874,0.0,687.6666666666666,1255.2142857142858
98,330,29.7,0.3795835077762604,3.4860053062438965,1.333969235420227,2.934107542037964,4.015435695648193,700.4666666666667,1612.0242424242424
99,67,6.029999999999999,0.3852936327457428,5.324584484100342,2.0493690967559814,6.75145959854126,0.19808396697044373,701.5970149253732,1129.3432835820895
100,219,19.71,0.40847304463386536,6.18502950668335,2.5051381587982178,7.370161056518555,0.0017040091333910823,717.6255707762557,1218.1141552511415
101,237,21.33,0.4443901479244232,5.8639326095581055,2.6060543060302734,7.196763515472412,0.007249955087900162,725.6075949367089,1086.4683544303798
102,74,6.66,0.4071793854236603,5.626201152801514,2.282954216003418,7.017997741699219,0.029586032032966614,723.2972972972973,1109.6216216216217
103,43,3.8699999999999997,0.3603304326534271,6.574923992156982,2.351705551147461,7.278648376464844,0.0,723.1627906976744,1388.6976744186047
104,635,57.15,0.5158483386039734,5.718647003173828,2.9480104446411133,7.081496715545654,0.017886776477098465,740.051968503937,1156.8944881889763
105,939,84.50999999999999,0.5812394022941589,5.886173725128174,3.4268219470977783,6.484411239624023,0.5545251965522766,754.0191693290735,1115.356762513312
106,32,2.88,0.40673261880874634,5.158827781677246,2.094676971435547,6.899686336517334,0.06015902757644653,729.96875,1046.1875
107,82,7.38,0.35662493109703064,6.500214576721191,2.3138279914855957,7.158504486083984,0.0,737.7073170731708,1403.439024390244
108,97,8.73,0.4632408320903778,5.435290813446045,2.5214176177978516,7.222531795501709,0.0014196769334375858,735.4329896907217,1187.8247422680413
109,176,15.84,0.42192432284355164,6.296786308288574,2.632744789123535,7.305758476257324,0.0,742.2897727272727,1423.0397727272727
110,46,4.14,0.4246264696121216,5.3905839920043945,2.289621591567993,6.8509907722473145,0.10677278786897659,738.304347826087,1099.1521739130435
111,402,36.18,0.3801840543746948,3.6242189407348633,1.393571376800537,3.7729618549346924,3.1765811443328857,752.4651741293533,1652.0721393034826
112,46,4.14,0.35252645611763,3.3505849838256836,1.1826720237731934,5.295915126800537,1.6536281108856201,755.304347826087,1600.7391304347825
113,34,3.06,0.3312513828277588,4.538235664367676,1.503862977027893,6.037942409515381,0.9125513434410095,754.7352941176471,1541.0882352941176
114,53,4.77,0.35885483026504517,3.271472454071045,1.179190993309021,5.2721991539001465,1.677344560623169,760.0,1633.5849056603774
115,70,6.3,0.3399338126182556,6.5132155418396,2.214787483215332,8.129237174987793,0.0,761.6285714285714,1271.2714285714285
116,63,5.67,0.4006251394748688,4.676681041717529,1.8845268487930298,6.392580032348633,0.5587725043296814,769.4603174603175,1019.8412698412699
117,28,2.52,0.3433535397052765,6.540946960449219,2.240831136703491,8.018647193908691,0.0,772.9642857142857,1265.0357142857142
118,223,20.07,0.4604637026786804,4.540173530578613,2.105778932571411,5.357171058654785,1.6288444995880127,779.5560538116592,1678.5874439461884
119,34,3.06,0.3564614951610565,6.2551493644714355,2.2212462425231934,7.827145576477051,0.13232441246509552,775.7058823529412,1561.5882352941176
120,176,15.84,0.38193225860595703,4.770789623260498,1.817976713180542,7.180171489715576,0.03723795711994171,787.5454545454545,1014.1534090909091
121,174,15.66,0.4151688516139984,6.284932613372803,2.592594623565674,6.959133148193359,0.07907425612211227,783.8965517241379,1291.6954022988505
122,358,32.22,0.5257328152656555,6.517543315887451,3.461087942123413,7.863875389099121,0.0,797.6703910614525,1065.326815642458
123,158,14.219999999999999,0.4169151186943054,4.379034042358398,1.831015706062317,4.015267372131348,2.9342758655548096,799.3227848101266,1652.3164556962026
124,96,8.64,0.41863739490509033,6.6410956382751465,2.7527427673339844,6.695659637451172,0.2538837790489197,795.9791666666666,1332.9166666666667
125,205,18.45,0.39591294527053833,5.7890400886535645,2.288189172744751,6.052183151245117,0.897360622882843,807.9658536585366,1599.3365853658536
126,94,8.459999999999999,0.3930830955505371,6.188061714172363,2.4193038940429688,5.984931945800781,0.9646100997924805,811.0957446808511,1526.1914893617022
127,55,4.95,0.4216918647289276,6.4475531578063965,2.719332695007324,7.706789493560791,0.0,809.9636363636364,1088.6545454545455
128,98,8.82,0.4251438081264496,4.226500511169434,1.8091974258422852,3.648129463195801,3.3014132976531982,812.3367346938776,1718.9795918367347
129,49,4.41,0.37262627482414246,6.200390815734863,2.3018007278442383,7.8893208503723145,0.0,815.1632653061224,1058.1836734693877
130,25,2.25,0.3355984389781952,6.519108295440674,2.1827874183654785,6.64097785949707,0.3085653781890869,815.32,1352.24
131,184,16.56,0.4285504221916199,4.3682966232299805,1.8802765607833862,3.8420357704162598,3.1075072288513184,827.8478260869565,1683.0271739130435
132,47,4.2299999999999995,0.40614473819732666,6.602599620819092,2.67079496383667,6.7423906326293945,0.2083553522825241,817.6595744680851,1343.2978723404256
133,49,4.41,0.3140808343887329,8.500470161437988,2.669574737548828,8.131402969360352,0.0,822.3673469387755,1166.2244897959183
134,855,76.95,0.41687101125717163,7.374685764312744,3.025132417678833,7.724152565002441,0.0,845.2456140350877,1150.2058479532163
135,544,48.96,0.4281100928783417,5.127095699310303,2.201035499572754,7.93170690536499,0.01499848160892725,840.6911764705883,998.4319852941177
136,503,45.269999999999996,0.48350825905799866,6.446038722991943,3.130424976348877,7.84014368057251,0.0,837.4453280318091,1075.341948310139
137,37,3.33,0.3881874084472656,5.486778259277344,2.132550001144409,6.005241394042969,0.9443010091781616,828.4864864864865,1554.918918918919
138,621,55.89,0.4623132348060608,6.521875381469727,2.9933464527130127,6.785735130310059,0.17708979547023773,843.0660225442834,1407.6682769726249
139,26,2.34,0.313780814409256,8.537100791931152,2.677617073059082,8.011967658996582,0.0,832.0,1161.5384615384614
140,37,3.33,0.3715955913066864,6.804670810699463,2.5219860076904297,7.812891960144043,0.0,833.1081081081081,1248.4324324324325
141,130,11.7,0.3736560642719269,6.375984191894531,2.3755807876586914,7.274125576019287,0.0012063796166330576,837.5076923076923,1364.123076923077
142,84,7.56,0.4306398034095764,5.371096134185791,2.3212409019470215,5.7591094970703125,1.190433144569397,835.5714285714286,1565.047619047619
143,59,5.31,0.4020679295063019,4.224338054656982,1.7051472663879395,3.9435102939605713,3.0060324668884277,839.2542372881356,1692.8983050847457
144,314,28.259999999999998,0.4052332639694214,5.99295711517334,2.4281015396118164,7.243302345275879,0.017551466822624207,856.9203821656051,1031.6433121019109
145,25,2.25,0.3410038352012634,7.381463527679443,2.51401424407959,7.449670314788818,0.0,841.52,1284.48
146,1757,158.13,0.4344783127307892,5.4665985107421875,2.381742238998413,8.099642753601074,0.0,904.0802504268639,952.4712578258395
147,26,2.34,0.3365013003349304,7.73535680770874,2.599313974380493,8.344888687133789,0.0,852.0769230769231,1255.576923076923
148,36,3.2399999999999998,0.41302019357681274,5.778523921966553,2.3876781463623047,7.55256462097168,0.0,856.2222222222222,1082.6944444444443
149,217,19.529999999999998,0.5163247585296631,6.128041744232178,3.1903879642486572,7.346996784210205,0.0,864.5714285714286,1063.995391705069
150,164,14.76,0.39431679248809814,7.172860622406006,2.821406841278076,7.910148620605469,0.0,867.3475609756098,1138.2073170731708
151,25,2.25,0.32061776518821716,3.7972235679626465,1.2180016040802002,7.7045979499816895,0.0,864.32,609.32
152,29,2.61,0.36919182538986206,5.933984279632568,2.187623977661133,7.0996317863464355,0.0006323682609945536,865.8965517241379,1052.8275862068965
153,106,9.54,0.3730967938899994,4.761873245239258,1.775321125984192,7.860474586486816,0.0,875.1698113207547,997.4245283018868
154,638,57.419999999999995,0.42934003472328186,4.5950493812561035,1.9862399101257324,8.41356372833252,0.0,899.2068965517242,573.0815047021944
155,101,9.09,0.38480064272880554,6.483931541442871,2.4909393787384033,7.4951887130737305,0.0,881.960396039604,1083.3663366336634
156,629,56.61,0.3995555639266968,5.003615379333496,1.9986679553985596,8.351134300231934,0.0,897.9586645468999,904.7488076311606
157,65,5.85,0.3388179540634155,7.169961929321289,2.428136110305786,8.056571006774902,0.0,892.2615384615384,1214.9692307692308
158,57,5.13,0.329675555229187,7.166698455810547,2.362421751022339,7.793847560882568,0.0,894.6491228070175,1134.578947368421
159,186,16.74,0.4547681212425232,5.342143535614014,2.445244312286377,6.390955924987793,0.641402006149292,904.5698924731183,1021.1935483870968
160,609,54.809999999999995,0.43321219086647034,4.649372577667236,2.0261731147766113,8.591059684753418,0.0,918.720853858785,679.5730706075534
161,66,5.9399999999999995,0.35018131136894226,4.976195335388184,1.7394016981124878,8.105854034423828,0.0,909.3030303030303,812.4545454545455
162,161,14.49,0.4050217270851135,5.237277984619141,2.1185462474823,8.457876205444336,0.0,914.8757763975156,832.8571428571429
163,251,22.59,0.3864695727825165,6.7921013832092285,2.6168384552001953,8.285430908203125,0.0,918.2629482071713,1260.8645418326694
164,33,2.9699999999999998,0.3243243098258972,7.6950602531433105,2.492379903793335,8.686515808105469,0.0,911.6060606060606,1234.3333333333333
165,344,30.959999999999997,0.410983681678772,5.081847667694092,2.0904018878936768,8.76500415802002,0.0,925.5697674418604,651.7703488372093
166,2021,181.89,0.48559242486953735,5.277288436889648,2.5813934803009033,8.475383758544922,0.0,945.6808510638298,734.3508164275112
167,80,7.199999999999999,0.4097972810268402,5.161291122436523,2.1149649620056152,8.607316970825195,0.0,918.375,868.7625
168,80,7.199999999999999,0.3744691014289856,6.542031288146973,2.4500019550323486,7.5358734130859375,0.0,925.15,1287.05
169,30,2.6999999999999997,0.379665344953537,4.882513046264648,1.8499571084976196,8.554691314697266,0.0,923.9666666666667,584.9333333333333
170,28,2.52,0.4123000502586365,5.8829193115234375,2.4166157245635986,5.896759510040283,1.0527836084365845,923.7857142857143,1532.107142857143
171,44,3.96,0.40619513392448425,5.197267532348633,2.108654022216797,8.263025283813477,0.0,928.2045454545455,999.7272727272727
172,267,24.029999999999998,0.37480661273002625,6.820298671722412,2.547499179840088,8.182854652404785,0.0,940.0299625468165,1235.2921348314608
173,29,2.61,0.4111303389072418,5.428216934204102,2.227654218673706,5.541775226593018,1.4077677726745605,931.4827586206897,1509.0
174,450,40.5,0.39438867568969727,4.6846418380737305,1.8414610624313354,5.364181995391846,1.585361361503601,939.4044444444445,1657.4711111111112
175,234,21.06,0.43774545192718506,4.822174549102783,2.1198720932006836,8.909088134765625,0.0,945.1965811965812,570.4401709401709
176,27,2.4299999999999997,0.3802373707294464,6.193181991577148,2.352971076965332,5.9151177406311035,1.0344254970550537,933.0370370370371,1566.5925925925926
177,537,48.33,0.38133344054222107,4.480990886688232,1.7108322381973267,3.982255458831787,2.967287540435791,948.5530726256983,1704.8659217877096
178,71,6.39,0.3495568037033081,5.7399139404296875,2.0043013095855713,8.750284194946289,0.0,936.9154929577464,789.5633802816901
179,190,17.099999999999998,0.3559439480304718,7.157379627227783,2.546795606613159,7.713615417480469,0.0,942.3842105263158,1145.2
180,52,4.68,0.3537273705005646,6.92091703414917,2.445023775100708,8.294793128967285,0.0,937.6923076923077,1271.5
181,426,38.339999999999996,0.4112694263458252,5.6089935302734375,2.307140350341797,8.591228485107422,0.0,955.6197183098592,808.8122065727699
182,98,8.82,0.36486488580703735,5.559503555297852,2.022916793823242,8.72416877746582,0.0,943.1632653061224,823.530612244898
183,124,11.16,0.38958773016929626,4.968902111053467,1.9387699365615845,8.724431991577148,0.0,945.9112903225806,694.1532258064516
184,1451,130.59,0.46102407574653625,5.915049076080322,2.7276134490966797,8.15213394165039,0.0,973.394900068918,872.7270847691248
185,61,5.49,0.32021015882492065,7.173471450805664,2.296607255935669,8.2767333984375,0.0,949.2622950819672,1253.032786885246
186,59,5.31,0.396767258644104,5.108599662780762,2.023172378540039,7.865602493286133,0.0,951.7118644067797,1007.5593220338983
187,54,4.859999999999999,0.40533390641212463,5.71856164932251,2.3032195568084717,6.826343059539795,0.13560178875923157,952.074074074074,1343.3148148148148
188,328,29.52,0.35969725251197815,6.4519476890563965,2.3129234313964844,8.540606498718262,0.0,964.875,922.3018292682926
189,132,11.879999999999999,0.374078631401062,6.228418350219727,2.328827381134033,7.429460048675537,0.0,961.2272727272727,1284.4318181818182
190,28,2.52,0.4191947281360626,5.725610256195068,2.3901619911193848,6.933859348297119,0.03391662612557411,955.2857142857143,1444.9285714285713
191,464,41.76,0.3918502926826477,5.560596466064453,2.1785964965820312,5.742735862731934,1.206807255744934,968.9181034482758,1635.5
192,81,7.29,0.3462510406970978,6.3697967529296875,2.205497980117798,6.872527599334717,0.08639449626207352,963.5308641975308,1337.9012345679012
193,61,5.49,0.406418114900589,4.982865333557129,2.018638849258423,9.035256385803223,0.0,962.7540983606557,578.2459016393443
194,30,2.6999999999999997,0.346074640750885,4.647027015686035,1.6075063943862915,9.249813079833984,0.0,963.8,557.9666666666667
195,75,6.75,0.365559846162796,5.430969715118408,1.9788830280303955,8.724032402038574,0.0,965.56,671.0266666666666
196,25,2.25,0.3246332108974457,4.78955078125,1.5561819076538086,8.941707611083984,0.0,963.84,568.48
197,209,18.81,0.46256303787231445,5.642568588256836,2.6163134574890137,7.314663410186768,0.0,971.8086124401914,1367.8803827751196
198,3489,314.01,0.4475710391998291,6.364302158355713,2.83217453956604,8.504806518554688,0.00021219458722043782,1015.6486099168816,1007.9882487818859
199,55,4.95,0.4193751811981201,6.2322797775268555,2.602679491043091,7.12174129486084,0.0,966.3636363636364,1428.3636363636363
200,126,11.34,0.3700435161590576,5.7285637855529785,2.114560127258301,8.337488174438477,0.0,975.7301587301587,832.6269841269841
201,195,17.55,0.41152358055114746,6.397993564605713,2.5936903953552246,8.031438827514648,0.0,974.7641025641026,1249.574358974359
202,117,10.53,0.44718343019485474,6.102465629577637,2.6965696811676025,8.121111869812012,0.0,975.1965811965812,1268.1965811965813
203,41,3.69,0.3421226143836975,5.2274088859558105,1.789939284324646,8.343986511230469,0.0,973.8048780487804,676.9512195121952
204,91,8.19,0.3513513505458832,6.439984321594238,2.2582831382751465,7.395179271697998,0.0,980.5274725274726,1307.4725274725274
205,63,5.67,0.35165780782699585,5.7608232498168945,2.0243630409240723,8.621596336364746,0.0,977.5873015873016,797.6031746031746
206,34,3.06,0.341017484664917,6.218033790588379,2.117675304412842,6.887021064758301,0.08275709301233292,976.6176470588235,1330.0294117647059
207,40,3.5999999999999996,0.39314672350883484,4.677105903625488,1.8454316854476929,8.813632011413574,0.0,979.9,653.375
208,45,4.05,0.32149288058280945,5.745168209075928,1.848420262336731,8.555726051330566,0.0,981.7333333333333,779.6666666666666
209,29,2.61,0.32751962542533875,6.660810470581055,2.182847738265991,7.471691608428955,0.0,977.9310344827586,1291.4137931034484
210,64,5.76,0.36583012342453003,5.033340930938721,1.835135817527771,8.509969711303711,0.0,979.671875,765.71875
211,76,6.84,0.3795468509197235,4.506532192230225,1.7133322954177856,7.9309401512146,0.0,982.8947368421053,698.7105263157895
212,128,11.52,0.47080114483833313,5.810964584350586,2.7362427711486816,7.8335723876953125,0.03117942437529564,984.71875,1008.8125
213,127,11.43,0.3664001524448395,5.94947624206543,2.181486129760742,7.425975799560547,0.0,987.7874015748032,1447.5118110236222
214,407,36.629999999999995,0.4627228081226349,5.582828521728516,2.5843777656555176,8.532792091369629,0.0,989.5405405405405,810.034398034398
215,48,4.32,0.340974897146225,7.0435471534729,2.4002878665924072,9.195696830749512,0.0,992.9791666666666,944.1875
216,95,8.549999999999999,0.33062389492988586,4.220499038696289,1.395632266998291,4.149007797241211,2.8005359172821045,1002.978947368421,1700.9368421052632
217,190,17.099999999999998,0.3976021111011505,5.358088970184326,2.1394495964050293,5.815623760223389,1.133919596672058,1008.0421052631579,1642.4526315789474
218,54,4.859999999999999,0.4976404905319214,5.699089527130127,2.8368711471557617,7.075058937072754,0.0045511722564697266,1006.3518518518518,1305.611111111111
219,146,13.139999999999999,0.33080342411994934,4.113414764404297,1.3627948760986328,5.471412181854248,1.4781312942504883,1012.2465753424658,1667.6575342465753
220,27,2.4299999999999997,0.3602173328399658,5.68342924118042,2.0433664321899414,6.836457252502441,0.1566445529460907,1011.8518518518518,1319.851851851852
221,62,5.58,0.41904351115226746,4.8758721351623535,2.0566513538360596,8.628491401672363,0.0,1015.4032258064516,616.3225806451613
222,35,3.15,0.34969663619995117,6.061491012573242,2.1167924404144287,6.617873668670654,0.33243659138679504,1014.4,1571.0285714285715
223,91,8.19,0.3374771773815155,4.068989276885986,1.3745898008346558,5.419666767120361,1.5298765897750854,1017.4065934065934,1690.10989010989
224,655,58.949999999999996,0.4361637532711029,6.264050483703613,2.7349960803985596,7.593619346618652,0.0015836001839488745,1046.2442748091603,1284.2290076335878
225,341,30.689999999999998,0.4632072448730469,6.221767902374268,2.893051862716675,6.4369378089904785,0.5367121696472168,1037.9648093841643,1642.6715542521995
226,963,86.67,0.4304999113082886,5.739223480224609,2.4676191806793213,6.088035583496094,0.9046643376350403,1037.6209761163032,1685.2616822429907
227,289,26.009999999999998,0.3420395255088806,7.444981575012207,2.5402610301971436,9.267434120178223,0.0,1042.0276816608996,960.9688581314879
228,78,7.02,0.347638875246048,6.296936988830566,2.189013957977295,7.241754055023193,0.0038840097840875387,1034.2948717948718,1309.9358974358975
229,29,2.61,0.33244574069976807,5.731770992279053,1.906842589378357,7.909498691558838,0.0,1036.0,1261.7241379310344
230,46,4.14,0.3275977671146393,5.97445821762085,1.9588823318481445,7.776948928833008,0.0,1047.3478260869565,1259.2826086956522
231,28,2.52,0.35148924589157104,5.699954986572266,2.004432201385498,7.317962646484375,0.0,1051.5,1200.6785714285713
232,311,27.99,0.4114389717578888,6.980029106140137,2.8639254570007324,7.4041876792907715,0.13427995145320892,1064.40192926045,1668.3376205787781
233,49,4.41,0.36813491582870483,5.511226177215576,2.0285420417785645,6.9690070152282715,0.03106229193508625,1058.469387755102,1085.5714285714287
234,75,6.75,0.3610810935497284,6.21110200881958,2.2427916526794434,7.809943675994873,0.0,1061.6266666666668,1258.3733333333332
235,49,4.41,0.4111575782299042,6.302424430847168,2.578361988067627,7.128381729125977,0.0022400934249162674,1065.4897959183672,1337.1632653061224
236,944,84.96,0.4547436535358429,5.661942958831787,2.5627832412719727,5.664806365966797,1.2870529890060425,1088.949152542373,1701.0656779661017
237,153,13.77,0.4928710460662842,6.618948459625244,3.241403102874756,8.71723747253418,0.0,1073.0196078431372,937.7908496732026
238,64,5.76,0.3725868761539459,6.788071155548096,2.523499011993408,7.055727481842041,0.0026841014623641968,1071.71875,1538.96875
239,473,42.57,0.464332640171051,5.859120845794678,2.712461471557617,8.340384483337402,0.0030226062517613173,1088.492600422833,1000.76955602537
240,40,3.5999999999999996,0.3335907459259033,6.624709129333496,2.206573963165283,8.257261276245117,0.0,1082.175,852.75
241,28,2.52,0.36831218004226685,5.738280296325684,2.1045117378234863,7.173892021179199,0.009606310166418552,1085.0357142857142,1020.7142857142857
242,39,3.51,0.34848034381866455,7.879563331604004,2.7421181201934814,7.304288387298584,0.0,1086.6666666666667,1464.6666666666667
243,64,5.76,0.3370535969734192,7.923882961273193,2.667358875274658,7.3948655128479,0.0,1090.78125,1472.765625
244,142,12.78,0.43267709016799927,6.433314800262451,2.777329683303833,6.711912155151367,0.24257968366146088,1095.5845070422536,1345.1478873239437
245,27,2.4299999999999997,0.3768053650856018,6.797811985015869,2.547041177749634,7.057659149169922,0.000555974489543587,1090.6666666666667,1320.7037037037037
246,132,11.879999999999999,0.38870367407798767,6.541732311248779,2.531578302383423,7.044750690460205,0.016861893236637115,1100.0757575757575,1329.0530303030303
247,42,3.78,0.3433535397052765,6.501832485198975,2.2262210845947266,8.447976112365723,0.0,1104.0,848.1190476190476
248,1045,94.05,0.4583473205566406,6.56116247177124,2.986891746520996,6.974574089050293,0.0849388912320137,1121.533014354067,1042.686124401914
249,271,24.39,0.39412155747413635,6.6098127365112305,2.5957906246185303,6.724172115325928,0.29042738676071167,1114.5977859778598,1355.1254612546124
250,51,4.59,0.3379513919353485,5.147319793701172,1.7414977550506592,8.15611743927002,0.0,1112.0196078431372,458.98039215686276
251,103,9.27,0.397758424282074,6.662830352783203,2.6462392807006836,7.174643516540527,0.0,1119.9029126213593,1322.2912621359224
252,229,20.61,0.4206976890563965,6.513521194458008,2.716184616088867,8.304549217224121,0.0,1127.2270742358078,803.6288209606987
253,56,5.04,0.32832321524620056,8.036595344543457,2.6369073390960693,7.110743522644043,0.0,1119.1607142857142,1464.4285714285713
254,37,3.33,0.3927789032459259,6.408471584320068,2.5025057792663574,6.195228576660156,0.754314661026001,1120.4324324324325,1373.4324324324325
255,145,13.049999999999999,0.42138195037841797,5.873263835906982,2.4537696838378906,6.089636325836182,0.8774874210357666,1123.1241379310345,1702.344827586207
256,67,6.029999999999999,0.3726733326911926,6.643576145172119,2.464003562927246,8.691727638244629,0.0,1128.8358208955224,955.820895522388
257,131,11.79,0.3794689178466797,6.661075115203857,2.517731189727783,6.933643341064453,0.10589636117219925,1134.3740458015268,1285.4656488549617
258,128,11.52,0.38546693325042725,6.299823760986328,2.4267020225524902,7.195967674255371,0.006574995815753937,1138.4609375,1088.8359375
259,25,2.25,0.3720463216304779,6.3844194412231445,2.368471145629883,6.33676815032959,0.6127749681472778,1137.56,1363.44
260,213,19.169999999999998,0.39472872018814087,6.0497026443481445,2.387519598007202,7.13291072845459,0.008377392776310444,1150.3145539906104,1155.9201877934272
261,28,2.52,0.36196908354759216,6.306677341461182,2.2780537605285645,6.754033088684082,0.19641795754432678,1142.5357142857142,1331.5714285714287
262,33,2.9699999999999998,0.3706563711166382,7.190799713134766,2.652221918106079,7.679745674133301,0.0,1142.969696969697,1589.878787878788
263,42,3.78,0.3576944172382355,7.290306568145752,2.6020407676696777,8.303571701049805,0.0,1146.142857142857,788.7142857142857
264,25,2.25,0.31305021047592163,6.261311054229736,1.9603586196899414,4.588987350463867,2.360555648803711,1145.52,1711.48
265,84,7.56,0.39575284719467163,5.649720668792725,2.2370615005493164,6.913341045379639,0.05402715504169464,1150.392857142857,711.7142857142857
266,785,70.64999999999999,0.590345025062561,6.879852771759033,4.028669834136963,7.69495153427124,0.006893571466207504,1171.1898089171975,1067.7885350318472
267,336,30.24,0.3359188437461853,7.280558109283447,2.4418187141418457,7.420426368713379,0.0,1164.970238095238,1115.970238095238
268,74,6.66,0.3241156041622162,8.340143203735352,2.7032132148742676,7.766886234283447,0.0,1159.7972972972973,1610.162162162162
269,129,11.61,0.3677830696105957,7.825094223022461,2.8708741664886475,7.30535364151001,0.0005295443115755916,1164.1627906976744,1030.5581395348838
270,78,7.02,0.3369468152523041,5.469853401184082,1.8452401161193848,9.406336784362793,0.0,1165.2435897435898,251.51282051282053
271,27,2.4299999999999997,0.3386242687702179,5.961532115936279,2.0172300338745117,6.131358623504639,0.8181847333908081,1161.8148148148148,1700.6666666666667
272,95,8.549999999999999,0.34635239839553833,7.049152374267578,2.43465256690979,7.181943416595459,0.02722320519387722,1166.6105263157895,1287.6947368421052
273,36,3.2399999999999998,0.34148433804512024,5.371136665344238,1.829143762588501,8.07178020477295,0.0,1164.6666666666667,301.9166666666667
274,132,11.879999999999999,0.44892945885658264,7.039298057556152,3.1439027786254883,7.941273212432861,0.01387118175625801,1167.719696969697,957.8939393939394
275,50,4.5,0.3452509343624115,7.305590629577637,2.5176029205322266,7.883778095245361,0.0,1170.56,1545.26
276,40,3.5999999999999996,0.3801158368587494,6.798693656921387,2.5779781341552734,9.011903762817383,0.0,1172.175,939.15
277,46,4.14,0.3827430009841919,6.89247465133667,2.6282718181610107,7.695295810699463,0.0,1173.1304347826087,1618.9782608695652
278,41,3.69,0.42885398864746094,6.578954219818115,2.7995810508728027,6.970954895019531,0.02121533453464508,1174.219512195122,1302.3902439024391
279,32,2.88,0.40371620655059814,4.569863796234131,1.850522518157959,8.314223289489746,0.0,1173.75,136.4375
280,56,5.04,0.40009650588035583,7.524679660797119,2.997328042984009,7.235981464385986,0.0027763929683715105,1177.25,1352.4464285714287
281,121,10.889999999999999,0.36382782459259033,5.163209915161133,1.8749366998672485,8.613515853881836,0.0,1179.1322314049587,576.7190082644628
282,45,4.05,0.389875590801239,6.293503761291504,2.443345546722412,7.575666427612305,0.0,1177.6666666666667,1273.4
283,110,9.9,0.34366440773010254,7.0051164627075195,2.4048311710357666,7.42617130279541,0.0,1186.2545454545455,1133.6272727272728
284,98,8.82,0.34177765250205994,5.241493225097656,1.7878271341323853,8.567699432373047,0.0,1189.938775510204,586.734693877551
285,848,76.32,0.529330849647522,7.658563613891602,4.018851280212402,7.467705726623535,0.0005781318759545684,1203.2016509433963,1370.121462264151
286,47,4.2299999999999995,0.3465045690536499,5.25089693069458,1.8200647830963135,7.621124267578125,0.0,1187.468085106383,688.1702127659574
287,28,2.52,0.41230008006095886,5.969644069671631,2.4638702869415283,7.137807369232178,0.0,1189.4285714285713,1192.3214285714287
288,205,18.45,0.3770976662635803,8.052566528320312,3.0311837196350098,7.915988445281982,0.0,1204.9512195121952,1096.1268292682928
289,207,18.63,0.3301064968109131,8.119012832641602,2.679763078689575,7.6445159912109375,3.2503248803550377e-06,1199.5458937198068,1059.1642512077294
290,39,3.51,0.3223443031311035,6.855020523071289,2.208251476287842,6.775205135345459,0.19485187530517578,1197.8461538461538,1016.7435897435897
291,152,13.68,0.36707475781440735,7.2615156173706055,2.6601321697235107,7.588017463684082,0.0,1202.5526315789473,1133.1973684210527
292,51,4.59,0.4337193965911865,4.285680294036865,1.8570750951766968,8.551077842712402,0.0,1204.6078431372548,81.17647058823529
293,352,31.68,0.46915581822395325,6.460866928100586,3.0116477012634277,7.558080673217773,0.0,1213.4176136363637,1261.653409090909
294,37,3.33,0.3901700973510742,7.066312313079834,2.7394919395446777,7.438601016998291,0.0,1205.8648648648648,1581.972972972973
295,102,9.18,0.3674767315387726,6.905564308166504,2.5291147232055664,7.34621000289917,0.0,1218.3333333333333,1497.0
296,63,5.67,0.33743950724601746,5.523416996002197,1.8611658811569214,8.516057968139648,0.0,1210.3333333333333,582.3492063492064
297,46,4.14,0.3673829138278961,7.280771732330322,2.6470694541931152,7.100433349609375,0.0014175124233588576,1213.0869565217392,1624.0217391304348
298,131,11.79,0.3450440764427185,5.586256504058838,1.9249427318572998,8.095779418945312,0.0,1219.8320610687024,667.9465648854962
299,44,3.96,0.42611443996429443,5.277848243713379,2.252228021621704,8.149513244628906,0.0,1216.3636363636363,553.9090909090909
300,95,8.549999999999999,0.34635239839553833,5.454375743865967,1.8845793008804321,8.306467056274414,0.0,1226.8842105263159,520.0947368421052
301,47,4.2299999999999995,0.3558695316314697,8.655034065246582,3.068871259689331,7.793875694274902,0.0,1222.1489361702127,1082.9574468085107
302,84,7.56,0.38228535652160645,5.913585662841797,2.2547810077667236,8.155082702636719,0.0,1225.892857142857,601.0952380952381
303,1668,150.12,0.36421674489974976,5.28594446182251,1.9408735036849976,8.254156112670898,0.0,1252.666067146283,388.24220623501196
304,129,11.61,0.3266887962818146,9.060850143432617,2.9575135707855225,7.444558143615723,0.024186979979276657,1225.2868217054263,1060.108527131783
305,40,3.5999999999999996,0.34990349411964417,7.9441657066345215,2.7710795402526855,7.181130886077881,0.0,1225.2,1465.55
306,37,3.33,0.41500574350357056,5.510862827301025,2.2890713214874268,7.962425231933594,0.0,1226.054054054054,832.4054054054054
307,907,81.63,0.4412952959537506,5.272439479827881,2.3557777404785156,8.46242904663086,0.0,1238.9779492833518,188.85115766262405
308,1166,104.94,0.3635800778865814,5.2577924728393555,1.907633662223816,8.32102108001709,0.0,1254.991423670669,537.2924528301887
309,220,19.8,0.4566514492034912,7.284359455108643,3.293337821960449,7.030303478240967,0.09979349374771118,1236.490909090909,1378.9954545454545
310,836,75.24,0.4537048935890198,6.942826747894287,3.1297805309295654,7.092858791351318,0.06638743728399277,1250.6040669856459,1295.799043062201
311,28,2.52,0.3357694745063782,7.28533935546875,2.446514129638672,7.334422588348389,0.0,1229.857142857143,1549.5357142857142
312,50,4.5,0.3413127660751343,6.134045600891113,2.091606378555298,7.971497058868408,0.0,1236.9,879.3
313,29,2.61,0.3580082654953003,4.623000144958496,1.6538573503494263,6.944677829742432,0.03006589785218239,1232.3793103448277,751.3448275862069
314,66,5.9399999999999995,0.35685035586357117,5.197427749633789,1.852428913116455,8.274306297302246,0.0,1236.2272727272727,619.3030303030303
315,708,63.72,0.5937383770942688,7.341765880584717,4.347110271453857,7.419647216796875,0.008302003145217896,1252.6412429378531,1114.3022598870057
316,68,6.12,0.32665228843688965,5.228034973144531,1.7077937126159668,7.645586967468262,0.0002469034807290882,1242.1323529411766,671.0588235294117
317,194,17.46,0.36219796538352966,7.439354419708252,2.6799819469451904,7.918908596038818,0.05043236166238785,1247.3453608247423,1004.6237113402062
318,819,73.71,0.36189723014831543,5.290689945220947,1.9188321828842163,8.272940635681152,0.0,1255.7435897435898,490.87301587301585
319,661,59.489999999999995,0.44120582938194275,6.498176097869873,2.881978988647461,6.477341175079346,0.5262355804443359,1262.1633888048411,1707.9183055975793
320,29,2.61,0.3632006347179413,4.994693756103516,1.8107601404190063,7.040987968444824,0.0019022843334823847,1242.896551724138,703.8275862068965
321,277,24.93,0.5269085764884949,6.4138665199279785,3.35793399810791,7.0042219161987305,0.033948421478271484,1259.5270758122745,1256.28880866426
322,585,52.65,0.3401511311531067,8.031517028808594,2.7277231216430664,7.152894496917725,0.016832776367664337,1259.0034188034188,1063.7606837606838
323,29,2.61,0.34243109822273254,7.050656318664551,2.412022590637207,7.384975910186768,0.0,1249.1724137931035,1450.7931034482758
324,176,15.84,0.3278343379497528,5.056722640991211,1.6586147546768188,7.56103515625,0.012947231531143188,1261.0,23.65340909090909
325,141,12.69,0.3541170358657837,7.114687442779541,2.5137152671813965,8.073125839233398,0.0,1255.1063829787233,951.9219858156029
326,25,2.25,0.35691115260124207,6.719205856323242,2.3925676345825195,7.219660758972168,0.0,1255.2,1663.16
327,62,5.58,0.40372395515441895,5.312666893005371,2.148846387863159,8.287784576416016,0.0,1259.532258064516,53.20967741935484
328,32,2.88,0.38429051637649536,5.738859176635742,2.203425884246826,8.334906578063965,0.0,1260.1875,795.40625
329,805,72.45,0.4930286109447479,6.804744720458984,3.3806512355804443,6.627647399902344,0.5039011240005493,1270.2360248447205,1643.8608695652174
330,306,27.54,0.356347918510437,7.766966819763184,2.7621257305145264,6.764514446258545,0.2462538629770279,1269.2843137254902,1019.6830065359477
331,238,21.419999999999998,0.5625223517417908,7.230515003204346,4.030928134918213,6.888214588165283,0.2003067582845688,1270.0840336134454,1138.4453781512605
332,433,38.97,0.4083836078643799,7.044526100158691,2.8608038425445557,7.4612579345703125,0.0,1273.556581986143,1544.8198614318708
333,30,2.6999999999999997,0.31557270884513855,4.695098400115967,1.48234224319458,8.207965850830078,0.0,1265.3333333333333,356.73333333333335
334,183,16.47,0.34599238634109497,5.043393135070801,1.7501393556594849,7.385698318481445,0.0017255095299333334,1269.6338797814208,270.58469945355193
335,333,29.97,0.36212271451950073,5.060025691986084,1.8275293111801147,8.312262535095215,0.0,1272.2912912912914,607.072072072072
336,34,3.06,0.33170565962791443,4.6540207862854,1.5442596673965454,7.258854389190674,0.0,1268.9117647058824,686.4411764705883
337,82,7.38,0.33407101035118103,8.343353271484375,2.786675214767456,6.931977272033691,0.11934114992618561,1271.6951219512196,1087.4146341463415
338,160,14.399999999999999,0.40608111023902893,6.990434169769287,2.8162598609924316,6.873998165130615,0.12500612437725067,1272.91875,1486.8875
339,37,3.33,0.33121150732040405,4.687779903411865,1.5502885580062866,7.688787460327148,0.0,1271.2162162162163,208.67567567567568
340,63,5.67,0.389838844537735,4.944850921630859,1.944887399673462,7.53289794921875,0.0,1273.5873015873017,759.6031746031746
341,510,45.9,0.3333560526371002,8.65693187713623,2.880661725997925,7.07411003112793,0.03160228207707405,1285.7156862745098,1045.1156862745097
342,79,7.109999999999999,0.32530179619789124,10.021918296813965,3.2607340812683105,6.964470386505127,0.2117624431848526,1284.5316455696202,1074.0506329113923
343,31,2.79,0.3270643949508667,5.928206920623779,1.9377628564834595,7.787683010101318,0.0,1289.9032258064517,929.9032258064516
344,34,3.06,0.3296615779399872,9.870893478393555,3.249297857284546,6.936092853546143,0.12436558306217194,1292.8823529411766,1103.9117647058824
345,120,10.799999999999999,0.3103925585746765,10.217751502990723,3.169262170791626,6.5338592529296875,0.41616344451904297,1301.0833333333333,1080.8416666666667
346,114,10.26,0.31436702609062195,10.031811714172363,3.153388500213623,7.415332794189453,0.0038301777094602585,1311.0526315789473,1028.8333333333333
347,54,4.859999999999999,0.3474903404712677,8.06888484954834,2.8030059337615967,7.348708152770996,0.00285742012783885,1309.6666666666667,1385.7777777777778
348,733,65.97,0.33041343092918396,9.635491371154785,3.179722785949707,7.156861305236816,0.02931249514222145,1332.7830832196453,1064.3492496589358
349,45,4.05,0.32277992367744446,9.70649528503418,3.1316826343536377,7.12121057510376,0.006210539024323225,1318.3777777777777,1154.9333333333334
350,514,46.26,0.5016676187515259,6.982964038848877,3.4791030883789062,7.596192359924316,0.000856652797665447,1331.9980544747082,1363.023346303502
351,38,3.42,0.32361307740211487,8.829989433288574,2.856412649154663,7.095961570739746,0.004104877822101116,1319.1842105263158,1182.078947368421
352,46,4.14,0.3171059489250183,9.791943550109863,3.104213237762451,7.490739822387695,0.0,1325.2608695652175,1108.5434782608695
353,46,4.14,0.3441329300403595,5.534939765930176,1.9035669565200806,6.547534942626953,0.4020066559314728,1328.5652173913043,302.4130434782609
354,85,7.6499999999999995,0.3131047487258911,7.002641201019287,2.193220376968384,8.092365264892578,0.0,1331.8235294117646,992.8588235294118
355,769,69.21,0.44821786880493164,8.605916976928711,3.8006749153137207,7.592765808105469,0.0005225124768912792,1340.114434330299,1145.5071521456437
356,91,8.19,0.3612796664237976,7.930197715759277,2.8630220890045166,7.119701385498047,0.016746677458286285,1331.3626373626373,1197.131868131868
357,26,2.34,0.3256608247756958,7.191756248474121,2.3420751094818115,6.661266803741455,0.29012447595596313,1329.8846153846155,1340.5384615384614
358,894,80.46,0.4709906578063965,7.791780471801758,3.6163597106933594,7.732020378112793,0.0015133365523070097,1355.834451901566,1103.4753914988814
359,31,2.79,0.3293062448501587,6.136390209197998,2.0183939933776855,9.175938606262207,0.0,1339.3225806451612,776.4193548387096
360,93,8.37,0.3826129734516144,5.813924312591553,2.2270607948303223,6.922088146209717,0.12591682374477386,1345.4623655913979,677.505376344086
361,118,10.62,0.3422878384590149,6.064809799194336,2.069387435913086,9.008025169372559,0.0,1348.6694915254238,561.6610169491526
362,51,4.59,0.36444851756095886,5.610042572021484,2.0345773696899414,8.811901092529297,0.0,1348.5686274509803,505.9019607843137
363,71,6.39,0.38729676604270935,7.250164031982422,2.796827793121338,7.22629451751709,8.065263682510704e-05,1349.394366197183,1349.887323943662
364,45,4.05,0.30973827838897705,9.45942497253418,2.9297099113464355,7.511014938354492,0.0,1350.0666666666666,1058.111111111111
365,92,8.28,0.33897092938423157,6.691565990447998,2.2627153396606445,8.881253242492676,0.0,1358.0108695652175,582.2173913043479
366,349,31.41,0.4750915467739105,7.499885082244873,3.492095947265625,7.397842884063721,0.020459651947021484,1363.077363896848,1242.6045845272206
367,62,5.58,0.39811933040618896,7.215193271636963,2.8470001220703125,7.258401393890381,0.02573356404900551,1358.274193548387,1143.8709677419354
368,54,4.859999999999999,0.38173890113830566,5.949188232421875,2.2674694061279297,7.841440677642822,0.0,1364.1296296296296,617.9074074074074
369,172,15.479999999999999,0.3558633625507355,5.251739978790283,1.864698052406311,9.005667686462402,0.0,1366.1686046511627,495.30232558139534
370,1123,101.07,0.5291329026222229,7.124109745025635,3.7217092514038086,7.356940269470215,0.05171409994363785,1388.2333036509349,1201.8103294746215
371,65,5.85,0.42387881875038147,7.247220039367676,3.031526565551758,7.802121162414551,0.0,1367.553846153846,1016.7846153846153
372,31,2.79,0.33341631293296814,6.839474678039551,2.278830051422119,8.58070182800293,0.0,1375.0645161290322,579.7096774193549
373,29,2.61,0.3689256012439728,6.752485275268555,2.4729723930358887,8.724297523498535,0.0,1379.896551724138,567.5172413793103
374,473,42.57,0.5530786514282227,6.990134239196777,3.8321967124938965,7.188507556915283,0.11760801076889038,1394.4735729386891,1134.2410147991543
375,655,58.949999999999996,0.40643104910850525,5.429256439208984,2.1975314617156982,8.131892204284668,0.0,1397.9374045801526,493.612213740458
376,27,2.4299999999999997,0.3364793062210083,6.863043785095215,2.310220241546631,9.089812278747559,0.0,1386.7037037037037,513.4814814814815
377,60,5.3999999999999995,0.3521879017353058,6.460057258605957,2.2721657752990723,8.941389083862305,0.0,1384.5833333333333,586.6333333333333
378,195,17.55,0.3499455749988556,4.857865810394287,1.694604754447937,6.988229751586914,0.14773985743522644,1397.3897435897436,397.45641025641027
379,25,2.25,0.3484169840812683,6.571181774139404,2.2826290130615234,8.179277420043945,0.0,1386.96,896.16
380,52,4.68,0.3226165771484375,5.239415168762207,1.688644528388977,7.031844615936279,0.04652106761932373,1398.5576923076924,407.13461538461536
381,36,3.2399999999999998,0.39039039611816406,7.138029098510742,2.7704172134399414,6.589486122131348,0.3600565195083618,1400.5555555555557,1180.2222222222222
382,102,9.18,0.4347035884857178,7.087778091430664,3.043961763381958,7.95623779296875,0.0,1404.2941176470588,887.7058823529412
383,294,26.459999999999997,0.44547319412231445,7.033109188079834,3.099586009979248,6.931985855102539,0.12794071435928345,1416.9897959183672,1068.1598639455783
384,238,21.419999999999998,0.3749391436576843,6.237513542175293,2.321296453475952,8.423830032348633,0.0,1420.9957983193278,518.7983193277311
385,153,13.77,0.48449286818504333,6.512908935546875,3.1085116863250732,7.643591403961182,0.0,1405.4575163398692,985.3594771241831
386,74,6.66,0.3613690733909607,6.243546962738037,2.2502262592315674,8.7130765914917,0.0,1407.7972972972973,540.1891891891892
387,51,4.59,0.4671057462692261,6.234633922576904,2.897507667541504,6.581136703491211,0.36840611696243286,1408.0,758.2549019607843
388,128,11.52,0.3444738984107971,6.234046459197998,2.1438398361206055,8.136815071105957,0.0,1418.0390625,577.078125
389,184,16.56,0.35844388604164124,5.4847025871276855,1.9661664962768555,7.0842604637146,0.13754849135875702,1420.4076086956522,373.3097826086956
390,29,2.61,0.3999467194080353,7.08216667175293,2.816758632659912,6.342066287994385,0.607477068901062,1416.6896551724137,1126.551724137931
391,116,10.44,0.39265745878219604,7.0756635665893555,2.757439613342285,7.685048580169678,0.0,1422.3793103448277,872.4137931034483
392,38,3.42,0.32340988516807556,6.539033889770508,2.1122090816497803,6.7892913818359375,0.19649216532707214,1423.0263157894738,698.9473684210526
393,89,8.01,0.3391609787940979,8.17812728881836,2.7702019214630127,6.929243087768555,0.04472389072179794,1422.2808988764045,1254.0898876404494
394,37,3.33,0.3442555069923401,5.904252052307129,2.0246663093566895,8.149032592773438,0.0,1423.4324324324325,586.6756756756756
395,172,15.479999999999999,0.4019260108470917,7.502371788024902,2.984882116317749,6.486729621887207,0.46382588148117065,1428.4360465116279,1097.9825581395348
396,4158,374.21999999999997,0.40940383076667786,5.949203014373779,2.422938346862793,9.166698455810547,0.0,1466.2655122655124,504.1611351611352
397,960,86.39999999999999,0.49471932649612427,6.418039321899414,3.1525628566741943,7.367729663848877,0.14381356537342072,1440.5364583333333,1205.2927083333334
398,34,3.06,0.3677038550376892,7.5097856521606445,2.76261043548584,6.612267971038818,0.40115228295326233,1431.264705882353,1237.2058823529412
399,105,9.45,0.3805479109287262,8.009981155395508,3.0152597427368164,8.070713996887207,0.0,1435.0380952380951,949.6285714285714
400,1421,127.89,0.3865949213504791,6.373117446899414,2.4438953399658203,8.595735549926758,0.0,1462.9317382125264,618.2188599577762
401,249,22.41,0.4417515695095062,6.743564128875732,2.9296512603759766,8.008590698242188,0.0,1440.1606425702812,821.3453815261045
402,278,25.02,0.3502124845981598,6.610533714294434,2.3048555850982666,8.97001838684082,0.0,1441.3776978417266,547.5971223021583
403,447,40.23,0.4704119563102722,5.817976474761963,2.719496965408325,8.112606048583984,0.0,1445.7337807606264,781.8322147651006
404,59,5.31,0.3342059254646301,8.628693580627441,2.8818275928497314,8.40839958190918,0.0,1436.6949152542372,897.9152542372881
405,1399,125.91,0.4172229766845703,7.664806842803955,3.1542606353759766,8.250673294067383,0.0022491321433335543,1458.55611150822,872.2158684774839
406,212,19.08,0.40431270003318787,7.332141399383545,2.941969633102417,7.079923629760742,0.04680505022406578,1457.316037735849,1030.7216981132076
407,247,22.23,0.4547543525695801,6.584691047668457,2.955043077468872,8.16240406036377,0.0,1455.761133603239,658.1578947368421
408,89,8.01,0.4483970105648041,7.160253047943115,3.164254903793335,7.548631191253662,0.0,1451.123595505618,1057.685393258427
409,39,3.51,0.30957329273223877,8.627835273742676,2.6706807613372803,8.73641300201416,0.0,1451.7179487179487,944.1538461538462
410,126,11.34,0.38594719767570496,6.252718448638916,2.3867297172546387,8.75758171081543,0.0,1453.2142857142858,574.2380952380952
411,228,20.52,0.49148207902908325,6.977357864379883,3.3837249279022217,7.545379161834717,0.018926963210105896,1457.7631578947369,1081.7280701754387
412,27,2.4299999999999997,0.33762338757514954,8.06468391418457,2.720366954803467,8.28096866607666,0.0,1478.2592592592594,931.0
413,218,19.62,0.4390209913253784,6.88521671295166,2.9695942401885986,8.20532512664795,0.0,1484.7431192660551,831.5321100917431
414,46,4.14,0.3729226589202881,7.728193759918213,2.867067337036133,7.856173515319824,0.0,1480.7826086956522,888.3478260869565
415,166,14.94,0.47276371717453003,7.093335151672363,3.3187270164489746,8.209587097167969,0.0,1482.5843373493976,906.3975903614457
416,31,2.79,0.34300658106803894,7.081484317779541,2.422633647918701,7.410679817199707,0.0,1480.5806451612902,693.8064516129032
417,48,4.32,0.3466055393218994,7.685853481292725,2.660825490951538,6.62817907333374,0.32335931062698364,1482.6875,1017.4375
418,27,2.4299999999999997,0.345774382352829,6.957160472869873,2.4032483100891113,7.1619744300842285,0.0031597348861396313,1488.888888888889,706.5555555555555
419,45,4.05,0.37168601155281067,6.024457931518555,2.2303926944732666,7.577600955963135,0.0,1492.4666666666667,999.6888888888889
420,271,24.39,0.41641855239868164,7.293087959289551,3.0316061973571777,8.19405746459961,0.02796287275850773,1503.361623616236,1036.9963099630995
421,95,8.549999999999999,0.3433448374271393,4.490792274475098,1.5392804145812988,4.949326515197754,2.086312770843506,1500.536842105263,394.63157894736844
422,1239,111.50999999999999,0.3898928463459015,5.0926923751831055,1.9766452312469482,8.283280372619629,0.08437094837427139,1515.144471347861,450.6150121065375
423,47,4.2299999999999995,0.3672882616519928,5.55571985244751,2.0287649631500244,8.547264099121094,0.0,1503.0212765957447,501.74468085106383
424,240,21.599999999999998,0.3783462345600128,6.33373498916626,2.3755602836608887,9.1898775100708,0.0,1511.8458333333333,560.4875
425,87,7.83,0.37145522236824036,7.688753604888916,2.8384408950805664,8.738950729370117,0.0,1506.7816091954023,845.5057471264367
426,103,9.27,0.32863521575927734,6.190206050872803,2.0321271419525146,9.070759773254395,0.0,1507.3495145631068,529.1067961165048
427,110,9.9,0.35872238874435425,6.351687908172607,2.276014804840088,6.714305877685547,0.23617032170295715,1506.581818181818,748.7272727272727
428,197,17.73,0.34023869037628174,8.21960163116455,2.7893736362457275,8.801247596740723,0.0,1515.1928934010152,861.0456852791879
429,25,2.25,0.31706562638282776,6.256983757019043,1.9830105304718018,8.598825454711914,0.0,1510.8,588.36
430,56,5.04,0.4525648057460785,5.993908405303955,2.6928718090057373,7.8607354164123535,0.0034734606742858887,1522.4642857142858,769.5714285714286
431,531,47.79,0.39385145902633667,4.849932670593262,1.9016708135604858,8.024085998535156,0.00031432369723916054,1542.8380414312617,485.4858757062147
432,1865,167.85,0.4867059290409088,6.17754602432251,3.0017101764678955,7.884054183959961,0.08248727768659592,1555.393565683646,784.9887399463807
433,87,7.83,0.40709182620048523,6.369259357452393,2.575222969055176,7.2584381103515625,0.0008568927878513932,1537.0459770114942,728.4827586206897
434,187,16.83,0.4038775563240051,5.865966796875,2.365230083465576,6.740485191345215,0.4405183792114258,1561.48128342246,756.096256684492
435,61,5.49,0.3545794188976288,4.773821830749512,1.6905118227005005,5.471517086029053,1.546826958656311,1562.360655737705,587.9180327868852
